ID_Matricula,Ano_Matricula,Regiao,Estado,Superintendencia,Tipo_Unidade_Escolar,Nome_Unidade_Escolar,Nivel_Ensino,Turno,Idade_Aluno,Genero_Aluno,Numero_Matriculas
1,2025,Sudeste,MG,Sup_Sudeste_B,Pública,Escola_65,EJA,Manhã,7,Feminino,71
2,2023,Sul,SC,Sup_Sul_B,Pública,Escola_56,Fundamental II,Noite,14,Masculino,72
3,2024,Sul,PR,Sup_Sul_B,Privada,Escola_47,Fundamental I,Noite,7,Outro,49
4,2024,Sul,PR,Sup_Sul_A,Pública,Escola_39,Fundamental I,Tarde,7,Feminino,75
5,2024,Sudeste,MG,Sup_Sudeste_D,Pública,Escola_17,Fundamental I,Tarde,16,Outro,96
6,2023,Norte,AC,Sup_Norte_A,Privada,Escola_77,EJA,Manhã,6,Masculino,34
7,2024,Nordeste,SE,Sup_Nordeste_A,Privada,Escola_69,EJA,Tarde,12,Feminino,65
8,2024,Centro-Oeste,MT,Sup_CO_B,Privada,Escola_98,EJA,Manhã,15,Feminino,47
9,2023,Sul,RS,Sup_Sul_B,Privada,Escola_87,Fundamental I,Noite,16,Masculino,54
10,2024,Norte,AP,Sup_Norte_B,Privada,Escola_71,EJA,Noite,10,Feminino,39
11,2024,Norte,AM,Sup_Norte_A,Pública,Escola_22,Ensino Médio,Tarde,6,Outro,70
12,2025,Sudeste,ES,Sup_Sudeste_C,Privada,Escola_61,Fundamental II,Tarde,11,Outro,82
13,2024,Sul,SC,Sup_Sul_B,Privada,Escola_60,EJA,Noite,9,Outro,58
14,2023,Nordeste,MA,Sup_Nordeste_A,Privada,Escola_43,Fundamental I,Tarde,15,Masculino,67
15,2025,Nordeste,SE,Sup_Nordeste_A,Privada,Escola_59,Fundamental I,Manhã,8,Outro,29
16,2024,Sudeste,RJ,Sup_Sudeste_C,Privada,Escola_3,EJA,Manhã,13,Masculino,28
17,2024,Sudeste,RJ,Sup_Sudeste_D,Privada,Escola_27,Fundamental II,Manhã,8,Outro,94
18,2025,Nordeste,BA,Sup_Nordeste_C,Privada,Escola_59,EJA,Noite,8,Masculino,79
19,2023,Centro-Oeste,GO,Sup_CO_A,Privada,Escola_48,Fundamental II,Manhã,15,Feminino,66
20,2024,Norte,RO,Sup_Norte_B,Privada,Escola_83,Fundamental II,Noite,10,Masculino,83
21,2023,Sudeste,MG,Sup_Sudeste_B,Privada,Escola_38,EJA,Manhã,7,Feminino,91
22,2025,Nordeste,AL,Sup_Nordeste_A,Pública,Escola_6,Ensino Médio,Manhã,10,Feminino,99
23,2023,Centro-Oeste,MT,Sup_CO_B,Pública,Escola_3,Fundamental I,Manhã,16,Feminino,24
24,2023,Centro-Oeste,MS,Sup_CO_B,Pública,Escola_87,Fundamental II,Manhã,13,Feminino,56
25,2024,Nordeste,MA,Sup_Nordeste_C,Pública,Escola_80,Fundamental II,Tarde,12,Masculino,33
26,2024,Norte,AM,Sup_Norte_B,Privada,Escola_75,Fundamental I,Tarde,16,Feminino,86
27,2024,Centro-Oeste,GO,Sup_CO_A,Privada,Escola_22,EJA,Noite,15,Feminino,54
28,2023,Norte,AC,Sup_Norte_B,Pública,Escola_86,EJA,Manhã,16,Feminino,49
29,2025,Centro-Oeste,DF,Sup_CO_B,Pública,Escola_98,Fundamental II,Tarde,12,Feminino,35
30,2024,Centro-Oeste,DF,Sup_CO_B,Pública,Escola_2,EJA,Manhã,6,Outro,86
31,2023,Norte,AM,Sup_Norte_B,Privada,Escola_37,Fundamental I,Noite,12,Masculino,76
32,2024,Norte,RO,Sup_Norte_B,Pública,Escola_37,Fundamental II,Manhã,16,Masculino,51
33,2025,Sudeste,ES,Sup_Sudeste_D,Pública,Escola_26,Fundamental I,Noite,12,Masculino,94
34,2025,Norte,PA,Sup_Norte_B,Pública,Escola_29,Fundamental II,Tarde,13,Outro,86
35,2024,Centro-Oeste,MT,Sup_CO_B,Pública,Escola_11,Ensino Médio,Noite,16,Feminino,48
36,2025,Norte,PA,Sup_Norte_B,Privada,Escola_86,Fundamental II,Noite,15,Feminino,68
37,2025,Sul,PR,Sup_Sul_A,Privada,Escola_62,Fundamental I,Tarde,14,Masculino,25
38,2025,Nordeste,SE,Sup_Nordeste_C,Privada,Escola_6,Fundamental I,Noite,15,Feminino,22
39,2023,Nordeste,PB,Sup_Nordeste_A,Pública,Escola_68,Ensino Médio,Tarde,9,Feminino,96
40,2024,Norte,AC,Sup_Norte_B,Pública,Escola_60,Ensino Médio,Tarde,12,Outro,96
41,2025,Norte,AM,Sup_Norte_B,Privada,Escola_10,Fundamental I,Tarde,10,Masculino,41
42,2024,Norte,RR,Sup_Norte_B,Pública,Escola_23,Fundamental II,Tarde,6,Outro,71
43,2024,Centro-Oeste,GO,Sup_CO_B,Pública,Escola_92,Fundamental I,Tarde,11,Outro,34
44,2024,Centro-Oeste,DF,Sup_CO_B,Privada,Escola_44,Fundamental II,Manhã,17,Masculino,45
45,2024,Sudeste,ES,Sup_Sudeste_D,Privada,Escola_67,Fundamental II,Manhã,15,Masculino,39
46,2023,Sudeste,MG,Sup_Sudeste_B,Privada,Escola_86,Fundamental II,Manhã,12,Feminino,24
47,2023,Sudeste,ES,Sup_Sudeste_A,Privada,Escola_39,EJA,Tarde,10,Feminino,74
48,2025,Sul,RS,Sup_Sul_B,Privada,Escola_7,EJA,Noite,8,Outro,82
49,2024,Sudeste,RJ,Sup_Sudeste_B,Pública,Escola_80,Ensino Médio,Manhã,7,Feminino,30
50,2024,Norte,RR,Sup_Norte_A,Privada,Escola_24,Fundamental II,Manhã,17,Masculino,72
51,2025,Nordeste,PE,Sup_Nordeste_B,Pública,Escola_29,Fundamental I,Manhã,16,Feminino,50
52,2025,Sul,SC,Sup_Sul_B,Privada,Escola_2,Fundamental I,Manhã,10,Masculino,95
53,2024,Sul,SC,Sup_Sul_A,Privada,Escola_62,Fundamental I,Noite,10,Feminino,85
54,2025,Norte,RR,Sup_Norte_A,Pública,Escola_38,Fundamental II,Manhã,7,Outro,75
55,2025,Centro-Oeste,MT,Sup_CO_B,Privada,Escola_100,Fundamental I,Noite,7,Masculino,92
56,2024,Sudeste,MG,Sup_Sudeste_C,Privada,Escola_6,Fundamental I,Noite,12,Feminino,65
57,2025,Nordeste,MA,Sup_Nordeste_A,Pública,Escola_14,EJA,Manhã,7,Masculino,93
58,2024,Sul,SC,Sup_Sul_B,Pública,Escola_59,Ensino Médio,Tarde,6,Masculino,52
59,2023,Centro-Oeste,DF,Sup_CO_A,Pública,Escola_83,EJA,Manhã,17,Masculino,21
60,2025,Sudeste,ES,Sup_Sudeste_D,Privada,Escola_100,Ensino Médio,Noite,16,Feminino,80
61,2024,Centro-Oeste,MT,Sup_CO_A,Pública,Escola_98,Fundamental II,Tarde,7,Masculino,27
62,2023,Nordeste,PE,Sup_Nordeste_A,Privada,Escola_29,Fundamental II,Tarde,15,Masculino,63
63,2024,Sul,RS,Sup_Sul_A,Pública,Escola_16,EJA,Noite,12,Masculino,32
64,2024,Sudeste,RJ,Sup_Sudeste_C,Privada,Escola_78,Ensino Médio,Tarde,13,Masculino,43
65,2025,Sudeste,SP,Sup_Sudeste_D,Pública,Escola_99,EJA,Noite,7,Feminino,95
66,2023,Nordeste,PE,Sup_Nordeste_C,Pública,Escola_62,Fundamental I,Noite,12,Outro,76
67,2023,Nordeste,MA,Sup_Nordeste_B,Privada,Escola_15,EJA,Manhã,11,Feminino,86
68,2024,Sul,PR,Sup_Sul_A,Pública,Escola_73,Fundamental II,Manhã,7,Outro,57
69,2025,Nordeste,AL,Sup_Nordeste_A,Privada,Escola_13,EJA,Manhã,16,Outro,32
70,2023,Sudeste,ES,Sup_Sudeste_A,Privada,Escola_34,Fundamental I,Tarde,17,Feminino,93
71,2023,Sul,RS,Sup_Sul_B,Privada,Escola_42,Fundamental I,Tarde,7,Outro,89
72,2024,Sudeste,RJ,Sup_Sudeste_C,Pública,Escola_37,EJA,Tarde,9,Feminino,36
73,2023,Nordeste,BA,Sup_Nordeste_A,Pública,Escola_52,Fundamental I,Noite,16,Outro,41
74,2024,Sul,PR,Sup_Sul_A,Pública,Escola_55,Ensino Médio,Noite,9,Masculino,55
75,2024,Norte,TO,Sup_Norte_B,Privada,Escola_56,Fundamental I,Noite,8,Outro,39
76,2025,Nordeste,BA,Sup_Nordeste_B,Pública,Escola_17,EJA,Noite,9,Outro,79
77,2023,Nordeste,PB,Sup_Nordeste_A,Pública,Escola_9,Fundamental I,Noite,8,Masculino,38
78,2023,Sudeste,RJ,Sup_Sudeste_A,Privada,Escola_17,Fundamental II,Noite,9,Outro,49
79,2025,Sul,PR,Sup_Sul_B,Pública,Escola_70,Fundamental I,Tarde,12,Outro,45
80,2025,Sudeste,RJ,Sup_Sudeste_A,Privada,Escola_25,Ensino Médio,Noite,8,Feminino,86
81,2024,Sul,RS,Sup_Sul_A,Privada,Escola_18,Fundamental I,Noite,13,Outro,58
82,2023,Sul,RS,Sup_Sul_A,Privada,Escola_6,EJA,Noite,17,Outro,79
83,2023,Sul,PR,Sup_Sul_A,Pública,Escola_39,Fundamental I,Manhã,15,Feminino,91
84,2025,Sudeste,MG,Sup_Sudeste_C,Pública,Escola_21,Fundamental I,Noite,14,Feminino,37
85,2025,Sul,RS,Sup_Sul_B,Privada,Escola_90,Ensino Médio,Manhã,7,Feminino,44
86,2023,Norte,TO,Sup_Norte_B,Privada,Escola_5,Fundamental II,Noite,13,Outro,48
87,2024,Norte,AC,Sup_Norte_B,Pública,Escola_37,Fundamental I,Noite,9,Masculino,68
88,2024,Sudeste,ES,Sup_Sudeste_C,Pública,Escola_66,Fundamental I,Tarde,10,Outro,74
89,2024,Centro-Oeste,MT,Sup_CO_B,Pública,Escola_71,Ensino Médio,Manhã,16,Feminino,96
90,2025,Sul,RS,Sup_Sul_A,Privada,Escola_47,Fundamental I,Tarde,11,Feminino,85
91,2024,Centro-Oeste,MT,Sup_CO_B,Privada,Escola_41,EJA,Manhã,10,Masculino,61
92,2024,Sudeste,SP,Sup_Sudeste_C,Privada,Escola_57,Ensino Médio,Manhã,9,Feminino,98
93,2025,Norte,AM,Sup_Norte_A,Privada,Escola_86,EJA,Noite,14,Masculino,72
94,2025,Sudeste,SP,Sup_Sudeste_A,Pública,Escola_50,Ensino Médio,Manhã,17,Masculino,42
95,2025,Sul,SC,Sup_Sul_A,Privada,Escola_53,EJA,Manhã,13,Outro,67
96,2023,Centro-Oeste,MT,Sup_CO_B,Pública,Escola_76,Fundamental I,Noite,6,Masculino,81
97,2024,Norte,TO,Sup_Norte_A,Privada,Escola_90,EJA,Tarde,11,Feminino,28
98,2024,Nordeste,PE,Sup_Nordeste_B,Privada,Escola_12,Fundamental II,Tarde,11,Masculino,86
99,2025,Sul,SC,Sup_Sul_B,Privada,Escola_9,Fundamental I,Tarde,6,Masculino,83
100,2023,Centro-Oeste,GO,Sup_CO_B,Pública,Escola_69,Ensino Médio,Noite,10,Feminino,71
101,2023,Nordeste,BA,Sup_Nordeste_A,Pública,Escola_70,EJA,Noite,17,Masculino,22
102,2025,Sul,PR,Sup_Sul_A,Privada,Escola_89,EJA,Noite,13,Masculino,53
103,2023,Centro-Oeste,MS,Sup_CO_A,Pública,Escola_22,EJA,Tarde,8,Feminino,94
104,2025,Centro-Oeste,GO,Sup_CO_B,Pública,Escola_72,Fundamental II,Manhã,11,Outro,27
105,2023,Sul,RS,Sup_Sul_B,Pública,Escola_28,EJA,Manhã,16,Feminino,47
106,2025,Sul,PR,Sup_Sul_B,Pública,Escola_54,Ensino Médio,Tarde,14,Outro,48
107,2024,Sul,SC,Sup_Sul_A,Privada,Escola_51,Ensino Médio,Noite,9,Masculino,86
108,2023,Norte,TO,Sup_Norte_B,Privada,Escola_15,Fundamental I,Tarde,15,Feminino,59
109,2025,Sul,RS,Sup_Sul_B,Privada,Escola_74,EJA,Noite,7,Outro,51
110,2023,Sul,SC,Sup_Sul_A,Pública,Escola_81,Fundamental II,Tarde,12,Outro,47
111,2024,Sudeste,SP,Sup_Sudeste_B,Privada,Escola_46,Ensino Médio,Tarde,15,Masculino,49
112,2024,Sudeste,RJ,Sup_Sudeste_B,Pública,Escola_57,Fundamental II,Tarde,11,Masculino,75
113,2024,Sudeste,RJ,Sup_Sudeste_A,Pública,Escola_13,Fundamental II,Noite,17,Masculino,56
114,2023,Sudeste,RJ,Sup_Sudeste_B,Privada,Escola_63,Fundamental II,Noite,6,Masculino,27
115,2024,Sudeste,ES,Sup_Sudeste_C,Privada,Escola_79,Fundamental I,Noite,10,Masculino,22
116,2024,Sul,RS,Sup_Sul_A,Privada,Escola_13,EJA,Manhã,8,Masculino,37
117,2025,Sul,PR,Sup_Sul_A,Pública,Escola_96,Fundamental II,Tarde,14,Feminino,66
118,2025,Sudeste,MG,Sup_Sudeste_C,Pública,Escola_60,Ensino Médio,Tarde,12,Feminino,25
119,2024,Norte,AC,Sup_Norte_B,Privada,Escola_72,EJA,Tarde,11,Masculino,43
120,2023,Sul,PR,Sup_Sul_A,Pública,Escola_26,Fundamental I,Tarde,17,Outro,35
121,2025,Centro-Oeste,MS,Sup_CO_B,Privada,Escola_57,EJA,Tarde,15,Masculino,28
122,2023,Sul,SC,Sup_Sul_A,Pública,Escola_21,Ensino Médio,Tarde,8,Outro,93
123,2025,Norte,RR,Sup_Norte_A,Pública,Escola_6,Fundamental II,Noite,11,Masculino,78
124,2024,Centro-Oeste,MT,Sup_CO_B,Pública,Escola_63,Fundamental II,Noite,17,Masculino,39
125,2024,Sudeste,RJ,Sup_Sudeste_D,Privada,Escola_31,Fundamental II,Noite,8,Masculino,49
126,2023,Centro-Oeste,DF,Sup_CO_B,Privada,Escola_38,Ensino Médio,Noite,12,Feminino,26
127,2024,Norte,TO,Sup_Norte_B,Privada,Escola_94,Fundamental II,Tarde,16,Masculino,46
128,2023,Norte,AM,Sup_Norte_A,Privada,Escola_35,Fundamental I,Tarde,10,Outro,40
129,2025,Sul,SC,Sup_Sul_A,Pública,Escola_3,Fundamental II,Manhã,10,Outro,41
130,2023,Norte,RO,Sup_Norte_A,Pública,Escola_38,EJA,Manhã,13,Masculino,24
131,2023,Centro-Oeste,DF,Sup_CO_B,Pública,Escola_29,EJA,Manhã,10,Outro,77
132,2023,Centro-Oeste,MS,Sup_CO_B,Pública,Escola_45,Fundamental I,Manhã,16,Feminino,59
133,2023,Sudeste,MG,Sup_Sudeste_D,Privada,Escola_38,Fundamental II,Noite,10,Outro,51
134,2024,Sudeste,MG,Sup_Sudeste_D,Privada,Escola_45,EJA,Tarde,9,Feminino,42
135,2023,Nordeste,PI,Sup_Nordeste_B,Privada,Escola_88,EJA,Tarde,16,Outro,30
136,2023,Sudeste,RJ,Sup_Sudeste_C,Privada,Escola_83,Fundamental I,Noite,16,Masculino,97
137,2024,Sudeste,MG,Sup_Sudeste_B,Pública,Escola_82,Fundamental I,Manhã,11,Masculino,22
138,2025,Nordeste,PB,Sup_Nordeste_C,Pública,Escola_50,Fundamental II,Noite,12,Outro,99
139,2023,Sul,RS,Sup_Sul_A,Pública,Escola_52,Fundamental I,Manhã,16,Outro,74
140,2025,Sudeste,SP,Sup_Sudeste_B,Pública,Escola_49,Fundamental II,Tarde,14,Feminino,35
141,2023,Sudeste,ES,Sup_Sudeste_D,Privada,Escola_51,EJA,Noite,15,Feminino,97
142,2024,Sudeste,SP,Sup_Sudeste_C,Pública,Escola_79,EJA,Noite,10,Feminino,20
143,2023,Sul,SC,Sup_Sul_B,Pública,Escola_77,Ensino Médio,Tarde,12,Outro,87
144,2025,Centro-Oeste,GO,Sup_CO_B,Privada,Escola_50,Ensino Médio,Manhã,13,Outro,27
145,2025,Sudeste,RJ,Sup_Sudeste_B,Privada,Escola_40,Ensino Médio,Noite,12,Masculino,89
146,2024,Sudeste,SP,Sup_Sudeste_D,Privada,Escola_34,Fundamental II,Manhã,9,Masculino,27
147,2025,Norte,RO,Sup_Norte_B,Privada,Escola_2,Fundamental II,Noite,16,Masculino,77
148,2023,Sudeste,MG,Sup_Sudeste_A,Privada,Escola_42,EJA,Tarde,15,Masculino,75
149,2023,Sul,RS,Sup_Sul_A,Privada,Escola_7,Fundamental I,Manhã,13,Masculino,74
150,2023,Sul,SC,Sup_Sul_A,Privada,Escola_41,Fundamental I,Noite,14,Masculino,41
151,2024,Sul,SC,Sup_Sul_B,Pública,Escola_2,Ensino Médio,Manhã,10,Outro,66
152,2024,Sudeste,ES,Sup_Sudeste_C,Privada,Escola_28,Fundamental I,Tarde,10,Masculino,23
153,2025,Sudeste,MG,Sup_Sudeste_C,Pública,Escola_3,Ensino Médio,Tarde,17,Masculino,50
154,2024,Centro-Oeste,MS,Sup_CO_B,Privada,Escola_57,Fundamental II,Tarde,15,Feminino,59
155,2023,Norte,RR,Sup_Norte_A,Privada,Escola_40,Fundamental I,Noite,17,Masculino,63
156,2024,Nordeste,BA,Sup_Nordeste_A,Privada,Escola_33,Ensino Médio,Tarde,11,Feminino,89
157,2025,Sul,RS,Sup_Sul_B,Privada,Escola_12,EJA,Manhã,11,Masculino,76
158,2024,Sul,PR,Sup_Sul_A,Privada,Escola_30,EJA,Noite,15,Feminino,65
159,2023,Nordeste,CE,Sup_Nordeste_B,Privada,Escola_96,EJA,Tarde,17,Outro,38
160,2024,Norte,PA,Sup_Norte_B,Privada,Escola_6,EJA,Tarde,13,Masculino,63
161,2025,Sudeste,ES,Sup_Sudeste_C,Privada,Escola_70,EJA,Manhã,7,Feminino,34
162,2025,Nordeste,SE,Sup_Nordeste_C,Privada,Escola_97,Fundamental II,Noite,6,Feminino,32
163,2023,Sudeste,MG,Sup_Sudeste_A,Pública,Escola_61,Fundamental II,Noite,16,Outro,72
164,2025,Sul,RS,Sup_Sul_B,Privada,Escola_33,Fundamental I,Noite,7,Feminino,34
165,2023,Sul,RS,Sup_Sul_A,Pública,Escola_7,Fundamental I,Tarde,8,Outro,90
166,2024,Norte,AC,Sup_Norte_B,Privada,Escola_55,Fundamental II,Tarde,17,Outro,45
167,2024,Sul,RS,Sup_Sul_A,Pública,Escola_95,Ensino Médio,Tarde,9,Masculino,89
168,2025,Centro-Oeste,DF,Sup_CO_A,Pública,Escola_72,Fundamental II,Manhã,16,Feminino,38
169,2023,Sul,SC,Sup_Sul_B,Pública,Escola_98,Fundamental I,Noite,6,Outro,64
170,2023,Sudeste,SP,Sup_Sudeste_B,Pública,Escola_29,Fundamental II,Noite,6,Feminino,97
171,2024,Sul,PR,Sup_Sul_A,Privada,Escola_13,EJA,Tarde,10,Feminino,92
172,2023,Centro-Oeste,MT,Sup_CO_B,Privada,Escola_77,Fundamental II,Manhã,16,Feminino,80
173,2025,Nordeste,PE,Sup_Nordeste_B,Privada,Escola_98,EJA,Tarde,9,Outro,37
174,2023,Centro-Oeste,MS,Sup_CO_A,Pública,Escola_60,Fundamental I,Tarde,7,Masculino,34
175,2025,Centro-Oeste,GO,Sup_CO_A,Privada,Escola_1,Ensino Médio,Noite,11,Outro,36
176,2024,Sul,SC,Sup_Sul_B,Privada,Escola_75,Fundamental II,Manhã,6,Outro,89
177,2025,Sul,PR,Sup_Sul_A,Privada,Escola_61,Fundamental I,Manhã,8,Feminino,34
178,2025,Sul,SC,Sup_Sul_B,Privada,Escola_43,Fundamental II,Tarde,12,Outro,95
179,2025,Norte,TO,Sup_Norte_A,Privada,Escola_3,Ensino Médio,Noite,15,Outro,91
180,2025,Sul,SC,Sup_Sul_B,Pública,Escola_75,Fundamental II,Tarde,10,Outro,86
181,2023,Nordeste,BA,Sup_Nordeste_B,Privada,Escola_82,Fundamental II,Tarde,10,Feminino,26
182,2023,Norte,AP,Sup_Norte_A,Privada,Escola_30,Fundamental II,Manhã,9,Feminino,38
183,2025,Norte,RO,Sup_Norte_A,Pública,Escola_21,Fundamental I,Manhã,7,Masculino,22
184,2024,Centro-Oeste,GO,Sup_CO_B,Pública,Escola_44,EJA,Noite,9,Feminino,34
185,2025,Nordeste,PB,Sup_Nordeste_C,Pública,Escola_74,Fundamental I,Noite,16,Outro,67
186,2024,Sul,RS,Sup_Sul_B,Pública,Escola_12,Fundamental I,Tarde,9,Outro,21
187,2023,Nordeste,PB,Sup_Nordeste_A,Pública,Escola_69,EJA,Tarde,14,Feminino,58
188,2024,Sudeste,RJ,Sup_Sudeste_B,Pública,Escola_17,Fundamental I,Manhã,12,Feminino,86
189,2023,Sudeste,MG,Sup_Sudeste_D,Privada,Escola_25,Fundamental I,Tarde,8,Outro,22
190,2024,Centro-Oeste,GO,Sup_CO_B,Pública,Escola_48,Ensino Médio,Noite,12,Feminino,70
191,2025,Norte,TO,Sup_Norte_B,Pública,Escola_96,Fundamental I,Manhã,7,Outro,29
192,2023,Nordeste,PI,Sup_Nordeste_C,Privada,Escola_34,Fundamental I,Tarde,7,Masculino,73
193,2025,Sul,RS,Sup_Sul_A,Pública,Escola_25,Fundamental II,Manhã,13,Outro,91
194,2024,Norte,RO,Sup_Norte_B,Privada,Escola_43,Fundamental I,Tarde,17,Masculino,84
195,2023,Centro-Oeste,GO,Sup_CO_B,Pública,Escola_76,Fundamental II,Tarde,14,Masculino,34
196,2023,Norte,RR,Sup_Norte_A,Privada,Escola_71,EJA,Manhã,11,Masculino,64
197,2024,Norte,PA,Sup_Norte_A,Pública,Escola_40,Fundamental I,Noite,10,Outro,29
198,2025,Nordeste,RN,Sup_Nordeste_C,Privada,Escola_54,Fundamental I,Tarde,6,Masculino,96
199,2024,Norte,RO,Sup_Norte_B,Privada,Escola_100,EJA,Tarde,12,Feminino,52
200,2025,Nordeste,MA,Sup_Nordeste_C,Privada,Escola_51,Ensino Médio,Noite,9,Outro,50
201,2023,Sudeste,MG,Sup_Sudeste_C,Privada,Escola_9,Fundamental II,Noite,14,Outro,82
202,2023,Sul,PR,Sup_Sul_B,Pública,Escola_96,EJA,Noite,15,Outro,86
203,2023,Sul,SC,Sup_Sul_B,Privada,Escola_51,EJA,Tarde,17,Outro,91
204,2024,Centro-Oeste,MT,Sup_CO_B,Privada,Escola_5,EJA,Noite,6,Feminino,97
205,2024,Norte,AC,Sup_Norte_A,Pública,Escola_81,Fundamental I,Tarde,17,Masculino,73
206,2025,Nordeste,PB,Sup_Nordeste_B,Privada,Escola_60,Fundamental I,Noite,13,Feminino,72
207,2023,Centro-Oeste,DF,Sup_CO_B,Pública,Escola_74,EJA,Tarde,13,Outro,89
208,2025,Norte,AC,Sup_Norte_B,Privada,Escola_77,Ensino Médio,Manhã,7,Masculino,22
209,2024,Norte,TO,Sup_Norte_A,Pública,Escola_29,Fundamental II,Manhã,10,Feminino,24
210,2025,Norte,RR,Sup_Norte_B,Pública,Escola_17,EJA,Tarde,15,Masculino,83
211,2025,Centro-Oeste,GO,Sup_CO_B,Privada,Escola_31,Fundamental II,Noite,17,Masculino,36
212,2023,Sul,PR,Sup_Sul_A,Privada,Escola_7,Ensino Médio,Noite,9,Outro,28
213,2025,Sudeste,MG,Sup_Sudeste_A,Pública,Escola_49,Ensino Médio,Tarde,10,Outro,96
214,2023,Nordeste,AL,Sup_Nordeste_A,Pública,Escola_30,Fundamental I,Tarde,14,Feminino,35
215,2024,Norte,AC,Sup_Norte_A,Privada,Escola_72,Fundamental I,Manhã,12,Masculino,67
216,2025,Sudeste,ES,Sup_Sudeste_D,Privada,Escola_48,Ensino Médio,Tarde,15,Masculino,68
217,2024,Sudeste,RJ,Sup_Sudeste_C,Privada,Escola_29,Fundamental II,Manhã,8,Outro,23
218,2024,Sul,PR,Sup_Sul_A,Pública,Escola_4,Ensino Médio,Noite,14,Outro,76
219,2024,Centro-Oeste,DF,Sup_CO_B,Pública,Escola_27,Fundamental I,Manhã,13,Feminino,85
220,2023,Sul,RS,Sup_Sul_A,Privada,Escola_40,EJA,Manhã,17,Masculino,22
221,2025,Nordeste,AL,Sup_Nordeste_B,Pública,Escola_97,EJA,Noite,15,Outro,69
222,2023,Norte,RO,Sup_Norte_B,Privada,Escola_77,Ensino Médio,Tarde,11,Masculino,58
223,2023,Nordeste,BA,Sup_Nordeste_B,Pública,Escola_39,Ensino Médio,Noite,8,Feminino,36
224,2025,Sul,RS,Sup_Sul_B,Pública,Escola_63,Fundamental I,Manhã,6,Outro,31
225,2025,Centro-Oeste,DF,Sup_CO_A,Privada,Escola_27,EJA,Noite,12,Feminino,73
226,2025,Centro-Oeste,MS,Sup_CO_A,Privada,Escola_17,Fundamental II,Tarde,7,Outro,82
227,2023,Norte,AC,Sup_Norte_B,Privada,Escola_10,Fundamental II,Tarde,13,Outro,79
228,2024,Nordeste,PI,Sup_Nordeste_A,Privada,Escola_16,Fundamental I,Noite,15,Outro,55
229,2025,Nordeste,AL,Sup_Nordeste_A,Privada,Escola_85,Fundamental II,Tarde,14,Feminino,45
230,2024,Sul,SC,Sup_Sul_A,Pública,Escola_78,Fundamental I,Manhã,16,Masculino,60
231,2023,Sudeste,RJ,Sup_Sudeste_B,Pública,Escola_13,Fundamental I,Manhã,15,Feminino,20
232,2024,Nordeste,MA,Sup_Nordeste_C,Privada,Escola_89,Fundamental II,Noite,14,Outro,43
233,2023,Norte,AM,Sup_Norte_A,Privada,Escola_50,Ensino Médio,Tarde,13,Feminino,28
234,2024,Sul,SC,Sup_Sul_B,Privada,Escola_32,EJA,Tarde,14,Outro,51
235,2025,Norte,AP,Sup_Norte_A,Pública,Escola_45,Fundamental II,Noite,7,Feminino,62
236,2025,Centro-Oeste,DF,Sup_CO_A,Privada,Escola_68,Fundamental II,Noite,8,Feminino,29
237,2024,Sul,SC,Sup_Sul_A,Pública,Escola_73,Ensino Médio,Tarde,6,Masculino,94
238,2025,Sul,RS,Sup_Sul_A,Pública,Escola_48,Ensino Médio,Noite,10,Feminino,26
239,2024,Nordeste,CE,Sup_Nordeste_B,Pública,Escola_90,EJA,Manhã,6,Outro,24
240,2025,Norte,PA,Sup_Norte_B,Privada,Escola_17,Fundamental I,Noite,12,Outro,52
241,2024,Sudeste,MG,Sup_Sudeste_D,Privada,Escola_95,Ensino Médio,Manhã,11,Feminino,92
242,2025,Centro-Oeste,MT,Sup_CO_A,Pública,Escola_41,Fundamental II,Tarde,6,Feminino,75
243,2023,Nordeste,CE,Sup_Nordeste_C,Pública,Escola_68,Fundamental I,Noite,7,Feminino,84
244,2024,Centro-Oeste,DF,Sup_CO_B,Pública,Escola_86,EJA,Tarde,11,Outro,20
245,2025,Norte,AP,Sup_Norte_A,Privada,Escola_34,Fundamental II,Tarde,6,Masculino,68
246,2025,Norte,PA,Sup_Norte_B,Pública,Escola_16,Ensino Médio,Manhã,16,Outro,29
247,2025,Nordeste,SE,Sup_Nordeste_A,Pública,Escola_64,EJA,Tarde,13,Masculino,31
248,2024,Norte,AP,Sup_Norte_A,Privada,Escola_77,Ensino Médio,Tarde,15,Masculino,68
249,2024,Sul,RS,Sup_Sul_A,Pública,Escola_7,EJA,Tarde,17,Outro,74
250,2025,Centro-Oeste,DF,Sup_CO_A,Privada,Escola_81,Ensino Médio,Manhã,12,Masculino,26
251,2025,Centro-Oeste,MS,Sup_CO_B,Privada,Escola_13,Fundamental II,Noite,9,Outro,75
252,2024,Sul,RS,Sup_Sul_A,Privada,Escola_17,Fundamental I,Noite,6,Feminino,59
253,2023,Centro-Oeste,GO,Sup_CO_A,Privada,Escola_49,Fundamental I,Tarde,8,Outro,82
254,2024,Sudeste,SP,Sup_Sudeste_C,Pública,Escola_80,Fundamental II,Manhã,16,Masculino,67
255,2023,Sudeste,ES,Sup_Sudeste_A,Privada,Escola_76,Fundamental II,Tarde,17,Outro,50
256,2023,Norte,PA,Sup_Norte_A,Privada,Escola_37,EJA,Manhã,14,Outro,47
257,2025,Sudeste,MG,Sup_Sudeste_B,Pública,Escola_66,Fundamental I,Tarde,14,Outro,63
258,2024,Nordeste,PB,Sup_Nordeste_B,Privada,Escola_1,Ensino Médio,Noite,16,Feminino,92
259,2024,Nordeste,PI,Sup_Nordeste_A,Pública,Escola_71,Ensino Médio,Manhã,7,Masculino,95
260,2024,Norte,PA,Sup_Norte_A,Privada,Escola_13,Fundamental II,Manhã,6,Outro,36
261,2024,Norte,AM,Sup_Norte_B,Pública,Escola_73,Fundamental II,Manhã,6,Outro,94
262,2025,Sudeste,ES,Sup_Sudeste_D,Pública,Escola_68,EJA,Tarde,9,Feminino,54
263,2025,Norte,AC,Sup_Norte_A,Pública,Escola_26,Fundamental II,Noite,14,Outro,58
264,2025,Centro-Oeste,MT,Sup_CO_B,Pública,Escola_26,Fundamental II,Manhã,10,Masculino,49
265,2023,Nordeste,BA,Sup_Nordeste_B,Pública,Escola_96,EJA,Tarde,17,Feminino,48
266,2023,Sudeste,MG,Sup_Sudeste_A,Privada,Escola_44,Ensino Médio,Tarde,10,Feminino,46
267,2025,Centro-Oeste,DF,Sup_CO_B,Pública,Escola_8,Fundamental I,Manhã,14,Masculino,48
268,2025,Norte,PA,Sup_Norte_B,Pública,Escola_40,EJA,Tarde,14,Outro,65
269,2025,Sudeste,RJ,Sup_Sudeste_C,Privada,Escola_72,Ensino Médio,Manhã,13,Outro,62
270,2024,Centro-Oeste,DF,Sup_CO_B,Privada,Escola_80,Ensino Médio,Manhã,16,Feminino,86
271,2024,Norte,TO,Sup_Norte_B,Pública,Escola_29,Fundamental I,Noite,16,Masculino,71
272,2024,Sul,PR,Sup_Sul_A,Privada,Escola_42,Fundamental I,Manhã,13,Masculino,93
273,2024,Nordeste,PI,Sup_Nordeste_C,Privada,Escola_14,Fundamental II,Manhã,8,Feminino,61
274,2023,Sudeste,RJ,Sup_Sudeste_C,Pública,Escola_66,Fundamental II,Manhã,9,Feminino,37
275,2024,Sul,SC,Sup_Sul_B,Pública,Escola_77,EJA,Tarde,16,Feminino,95
276,2025,Centro-Oeste,GO,Sup_CO_A,Pública,Escola_11,Fundamental I,Manhã,9,Masculino,71
277,2023,Norte,RO,Sup_Norte_A,Privada,Escola_98,Ensino Médio,Tarde,7,Feminino,42
278,2023,Nordeste,SE,Sup_Nordeste_B,Pública,Escola_23,Ensino Médio,Tarde,11,Outro,49
279,2023,Nordeste,PI,Sup_Nordeste_B,Pública,Escola_70,Fundamental I,Noite,6,Outro,49
280,2024,Nordeste,PI,Sup_Nordeste_B,Privada,Escola_16,Fundamental II,Tarde,12,Masculino,75
281,2024,Centro-Oeste,MT,Sup_CO_B,Privada,Escola_45,EJA,Tarde,12,Outro,92
282,2023,Norte,RR,Sup_Norte_A,Pública,Escola_97,Fundamental I,Noite,12,Feminino,31
283,2024,Norte,AC,Sup_Norte_A,Privada,Escola_5,Fundamental I,Noite,11,Masculino,29
284,2024,Centro-Oeste,MS,Sup_CO_A,Privada,Escola_73,Ensino Médio,Noite,12,Outro,53
285,2024,Centro-Oeste,DF,Sup_CO_A,Privada,Escola_6,Fundamental I,Noite,15,Masculino,73
286,2025,Norte,RO,Sup_Norte_A,Privada,Escola_42,Fundamental II,Noite,12,Masculino,57
287,2025,Centro-Oeste,GO,Sup_CO_B,Privada,Escola_68,Fundamental II,Manhã,13,Masculino,40
288,2025,Sul,PR,Sup_Sul_A,Privada,Escola_53,Fundamental I,Noite,14,Masculino,41
289,2023,Sudeste,SP,Sup_Sudeste_C,Pública,Escola_71,Fundamental II,Manhã,7,Masculino,45
290,2023,Norte,RR,Sup_Norte_A,Privada,Escola_55,Fundamental II,Manhã,14,Feminino,94
291,2024,Nordeste,CE,Sup_Nordeste_C,Pública,Escola_80,Fundamental I,Noite,9,Feminino,27
292,2024,Sudeste,SP,Sup_Sudeste_C,Pública,Escola_8,Fundamental II,Noite,14,Feminino,48
293,2025,Centro-Oeste,MS,Sup_CO_B,Privada,Escola_96,EJA,Manhã,9,Masculino,21
294,2023,Norte,AC,Sup_Norte_A,Privada,Escola_40,EJA,Noite,6,Outro,83
295,2024,Sul,SC,Sup_Sul_A,Pública,Escola_21,Fundamental I,Manhã,16,Feminino,38
296,2025,Nordeste,PE,Sup_Nordeste_C,Pública,Escola_26,Ensino Médio,Manhã,13,Masculino,25
297,2024,Centro-Oeste,GO,Sup_CO_A,Privada,Escola_38,Fundamental I,Manhã,14,Feminino,80
298,2024,Centro-Oeste,GO,Sup_CO_B,Privada,Escola_5,Fundamental I,Noite,11,Feminino,81
299,2023,Centro-Oeste,GO,Sup_CO_B,Pública,Escola_99,Fundamental II,Manhã,11,Masculino,72
300,2024,Sudeste,SP,Sup_Sudeste_A,Privada,Escola_61,Fundamental II,Manhã,12,Feminino,97
301,2024,Sudeste,MG,Sup_Sudeste_C,Pública,Escola_44,Fundamental I,Tarde,12,Outro,44
302,2025,Nordeste,PI,Sup_Nordeste_B,Privada,Escola_73,Ensino Médio,Manhã,6,Outro,86
303,2025,Nordeste,CE,Sup_Nordeste_B,Privada,Escola_81,EJA,Noite,8,Masculino,64
304,2023,Norte,AP,Sup_Norte_B,Pública,Escola_30,Fundamental II,Noite,7,Feminino,46
305,2023,Nordeste,BA,Sup_Nordeste_B,Pública,Escola_98,Fundamental I,Manhã,14,Masculino,37
306,2024,Nordeste,RN,Sup_Nordeste_A,Pública,Escola_19,EJA,Noite,13,Masculino,68
307,2023,Sul,PR,Sup_Sul_B,Privada,Escola_81,Fundamental I,Tarde,17,Feminino,38
308,2024,Norte,AC,Sup_Norte_B,Privada,Escola_88,Ensino Médio,Manhã,10,Feminino,49
309,2023,Centro-Oeste,GO,Sup_CO_B,Privada,Escola_87,Fundamental II,Noite,15,Masculino,77
310,2024,Sul,SC,Sup_Sul_A,Pública,Escola_23,EJA,Tarde,17,Outro,65
311,2024,Nordeste,PB,Sup_Nordeste_B,Privada,Escola_47,Fundamental II,Noite,17,Masculino,32
312,2023,Nordeste,SE,Sup_Nordeste_A,Privada,Escola_18,Fundamental II,Tarde,11,Masculino,98
313,2023,Sul,SC,Sup_Sul_A,Pública,Escola_44,Fundamental II,Noite,16,Masculino,81
314,2025,Sudeste,MG,Sup_Sudeste_C,Pública,Escola_67,Fundamental I,Manhã,7,Outro,92
315,2023,Sudeste,ES,Sup_Sudeste_C,Pública,Escola_61,Fundamental I,Manhã,9,Outro,56
316,2024,Sudeste,RJ,Sup_Sudeste_A,Privada,Escola_57,EJA,Tarde,12,Feminino,77
317,2025,Centro-Oeste,DF,Sup_CO_B,Pública,Escola_86,Fundamental I,Noite,8,Masculino,41
318,2025,Sudeste,SP,Sup_Sudeste_C,Pública,Escola_91,Fundamental I,Noite,15,Masculino,27
319,2024,Centro-Oeste,DF,Sup_CO_A,Pública,Escola_64,Ensino Médio,Noite,11,Outro,95
320,2025,Sul,PR,Sup_Sul_B,Pública,Escola_5,EJA,Noite,10,Masculino,78
321,2025,Nordeste,PE,Sup_Nordeste_A,Privada,Escola_54,EJA,Manhã,16,Masculino,51
322,2023,Norte,AC,Sup_Norte_B,Privada,Escola_35,Fundamental I,Noite,17,Masculino,62
323,2023,Sudeste,RJ,Sup_Sudeste_A,Pública,Escola_27,Fundamental I,Manhã,7,Masculino,84
324,2025,Centro-Oeste,MT,Sup_CO_A,Privada,Escola_46,Fundamental I,Manhã,15,Outro,38
325,2025,Sul,PR,Sup_Sul_B,Privada,Escola_55,EJA,Noite,7,Feminino,51
326,2024,Sul,SC,Sup_Sul_B,Pública,Escola_96,EJA,Noite,11,Feminino,36
327,2024,Nordeste,PE,Sup_Nordeste_A,Pública,Escola_50,EJA,Tarde,15,Outro,68
328,2025,Norte,RR,Sup_Norte_A,Privada,Escola_38,Fundamental II,Noite,13,Feminino,29
329,2024,Sudeste,SP,Sup_Sudeste_B,Pública,Escola_76,Fundamental II,Manhã,8,Outro,88
330,2024,Sudeste,RJ,Sup_Sudeste_D,Privada,Escola_44,Fundamental I,Manhã,11,Outro,38
331,2024,Centro-Oeste,DF,Sup_CO_B,Pública,Escola_31,Fundamental I,Manhã,7,Masculino,85
332,2025,Centro-Oeste,GO,Sup_CO_A,Pública,Escola_20,Ensino Médio,Manhã,13,Outro,88
333,2024,Sul,RS,Sup_Sul_A,Pública,Escola_19,Fundamental II,Manhã,7,Feminino,26
334,2023,Centro-Oeste,DF,Sup_CO_B,Pública,Escola_37,Fundamental I,Noite,10,Outro,59
335,2025,Sul,SC,Sup_Sul_A,Privada,Escola_47,Fundamental I,Tarde,12,Masculino,41
336,2023,Norte,AM,Sup_Norte_B,Pública,Escola_77,EJA,Tarde,15,Outro,83
337,2023,Sudeste,RJ,Sup_Sudeste_B,Pública,Escola_76,Fundamental II,Tarde,9,Outro,43
338,2023,Norte,AM,Sup_Norte_B,Pública,Escola_43,Ensino Médio,Tarde,14,Feminino,26
339,2025,Norte,AC,Sup_Norte_B,Privada,Escola_91,Fundamental II,Tarde,9,Masculino,85
340,2025,Sudeste,MG,Sup_Sudeste_D,Privada,Escola_53,Fundamental II,Noite,13,Masculino,73
341,2023,Sudeste,MG,Sup_Sudeste_C,Privada,Escola_59,Fundamental I,Manhã,15,Masculino,62
342,2024,Sudeste,ES,Sup_Sudeste_B,Privada,Escola_6,Ensino Médio,Tarde,9,Outro,57
343,2025,Centro-Oeste,MT,Sup_CO_A,Pública,Escola_80,EJA,Noite,14,Outro,65
344,2025,Centro-Oeste,MT,Sup_CO_B,Pública,Escola_98,EJA,Manhã,13,Masculino,54
345,2023,Norte,AM,Sup_Norte_B,Privada,Escola_25,Fundamental II,Noite,7,Masculino,49
346,2023,Nordeste,BA,Sup_Nordeste_C,Privada,Escola_40,Fundamental II,Manhã,13,Masculino,39
347,2024,Sul,RS,Sup_Sul_A,Privada,Escola_25,EJA,Tarde,14,Outro,58
348,2024,Sudeste,MG,Sup_Sudeste_D,Pública,Escola_74,Fundamental II,Manhã,17,Outro,86
349,2023,Centro-Oeste,MS,Sup_CO_A,Pública,Escola_11,EJA,Noite,12,Masculino,99
350,2024,Sudeste,RJ,Sup_Sudeste_D,Pública,Escola_55,EJA,Noite,17,Feminino,45
351,2024,Sul,RS,Sup_Sul_A,Privada,Escola_75,EJA,Tarde,12,Masculino,61
352,2024,Centro-Oeste,DF,Sup_CO_B,Privada,Escola_92,Fundamental I,Tarde,8,Feminino,80
353,2025,Sul,PR,Sup_Sul_A,Pública,Escola_8,Ensino Médio,Noite,6,Feminino,38
354,2023,Nordeste,PE,Sup_Nordeste_A,Privada,Escola_36,Fundamental I,Noite,6,Feminino,83
355,2023,Sul,SC,Sup_Sul_B,Pública,Escola_20,EJA,Tarde,14,Feminino,37
356,2024,Sudeste,MG,Sup_Sudeste_B,Pública,Escola_39,Fundamental II,Tarde,7,Masculino,96
357,2023,Norte,TO,Sup_Norte_A,Privada,Escola_88,Fundamental I,Noite,6,Feminino,51
358,2024,Sudeste,MG,Sup_Sudeste_A,Privada,Escola_10,Fundamental II,Tarde,7,Feminino,42
359,2023,Centro-Oeste,MT,Sup_CO_A,Pública,Escola_100,Ensino Médio,Noite,12,Masculino,25
360,2024,Centro-Oeste,MS,Sup_CO_A,Privada,Escola_53,EJA,Tarde,11,Feminino,36
361,2024,Norte,RR,Sup_Norte_B,Privada,Escola_85,Ensino Médio,Noite,12,Feminino,64
362,2024,Nordeste,RN,Sup_Nordeste_B,Pública,Escola_49,Fundamental I,Noite,10,Outro,92
363,2023,Centro-Oeste,DF,Sup_CO_B,Pública,Escola_73,Ensino Médio,Noite,13,Feminino,47
364,2023,Sul,SC,Sup_Sul_B,Privada,Escola_14,Ensino Médio,Tarde,17,Outro,50
365,2025,Nordeste,CE,Sup_Nordeste_C,Pública,Escola_17,Fundamental I,Manhã,6,Masculino,64
366,2024,Centro-Oeste,MT,Sup_CO_B,Pública,Escola_94,EJA,Noite,16,Feminino,56
367,2023,Nordeste,CE,Sup_Nordeste_C,Pública,Escola_27,EJA,Noite,6,Feminino,75
368,2025,Sudeste,ES,Sup_Sudeste_D,Pública,Escola_90,Fundamental II,Manhã,11,Masculino,82
369,2025,Sudeste,SP,Sup_Sudeste_A,Pública,Escola_1,Fundamental II,Noite,13,Feminino,57
370,2024,Nordeste,PI,Sup_Nordeste_A,Privada,Escola_97,EJA,Noite,8,Feminino,77
371,2025,Sudeste,SP,Sup_Sudeste_D,Privada,Escola_100,Ensino Médio,Noite,13,Feminino,38
372,2023,Norte,RO,Sup_Norte_B,Pública,Escola_83,EJA,Tarde,16,Masculino,46
373,2024,Norte,PA,Sup_Norte_B,Privada,Escola_44,Ensino Médio,Manhã,15,Masculino,45
374,2024,Sul,PR,Sup_Sul_B,Privada,Escola_20,EJA,Tarde,10,Masculino,65
375,2023,Sul,PR,Sup_Sul_B,Privada,Escola_21,Ensino Médio,Noite,11,Feminino,38
376,2024,Nordeste,MA,Sup_Nordeste_B,Pública,Escola_45,Fundamental II,Manhã,14,Masculino,43
377,2024,Centro-Oeste,DF,Sup_CO_A,Privada,Escola_11,Ensino Médio,Noite,10,Outro,80
378,2025,Norte,AC,Sup_Norte_A,Pública,Escola_26,Fundamental II,Tarde,12,Masculino,67
379,2024,Sul,SC,Sup_Sul_B,Privada,Escola_93,Fundamental I,Tarde,16,Masculino,36
380,2024,Centro-Oeste,DF,Sup_CO_B,Pública,Escola_53,Ensino Médio,Manhã,8,Outro,44
381,2023,Nordeste,RN,Sup_Nordeste_B,Privada,Escola_70,Fundamental II,Manhã,11,Outro,95
382,2025,Centro-Oeste,MS,Sup_CO_B,Privada,Escola_26,EJA,Tarde,15,Outro,31
383,2024,Nordeste,PI,Sup_Nordeste_C,Privada,Escola_58,Fundamental II,Manhã,11,Outro,72
384,2023,Nordeste,PB,Sup_Nordeste_A,Privada,Escola_96,EJA,Manhã,9,Feminino,24
385,2024,Sudeste,SP,Sup_Sudeste_D,Privada,Escola_73,EJA,Noite,14,Outro,28
386,2023,Sul,PR,Sup_Sul_B,Privada,Escola_60,Fundamental II,Noite,8,Masculino,30
387,2025,Norte,AM,Sup_Norte_B,Pública,Escola_2,EJA,Manhã,16,Outro,94
388,2023,Norte,AP,Sup_Norte_B,Pública,Escola_83,Fundamental I,Tarde,16,Outro,98
389,2024,Sul,SC,Sup_Sul_B,Privada,Escola_79,Fundamental I,Noite,13,Masculino,84
390,2023,Nordeste,PE,Sup_Nordeste_A,Privada,Escola_36,EJA,Tarde,14,Feminino,97
391,2025,Sudeste,RJ,Sup_Sudeste_D,Pública,Escola_66,Fundamental I,Manhã,14,Feminino,29
392,2023,Sudeste,MG,Sup_Sudeste_A,Privada,Escola_3,Fundamental II,Noite,17,Outro,78
393,2023,Sul,RS,Sup_Sul_A,Privada,Escola_11,Ensino Médio,Noite,12,Feminino,87
394,2025,Norte,AC,Sup_Norte_B,Privada,Escola_40,Fundamental II,Manhã,10,Masculino,97
395,2025,Centro-Oeste,GO,Sup_CO_A,Pública,Escola_14,Fundamental II,Tarde,17,Outro,92
396,2024,Sul,RS,Sup_Sul_A,Privada,Escola_71,EJA,Manhã,17,Feminino,58
397,2025,Sudeste,MG,Sup_Sudeste_C,Privada,Escola_94,Fundamental II,Noite,14,Outro,79
398,2024,Sul,SC,Sup_Sul_B,Privada,Escola_44,Fundamental I,Tarde,14,Outro,20
399,2024,Centro-Oeste,DF,Sup_CO_A,Privada,Escola_66,Fundamental I,Tarde,10,Masculino,93
400,2023,Sul,RS,Sup_Sul_A,Pública,Escola_11,Fundamental II,Noite,13,Masculino,72
401,2024,Sudeste,RJ,Sup_Sudeste_C,Pública,Escola_4,Fundamental II,Manhã,9,Masculino,92
402,2025,Nordeste,PE,Sup_Nordeste_A,Privada,Escola_34,EJA,Noite,16,Feminino,89
403,2025,Centro-Oeste,DF,Sup_CO_B,Privada,Escola_65,EJA,Manhã,7,Masculino,70
404,2023,Centro-Oeste,DF,Sup_CO_B,Pública,Escola_56,Fundamental II,Manhã,12,Masculino,99
405,2024,Nordeste,PI,Sup_Nordeste_A,Pública,Escola_69,Ensino Médio,Manhã,17,Outro,80
406,2025,Sul,PR,Sup_Sul_A,Pública,Escola_54,Ensino Médio,Manhã,14,Masculino,32
407,2024,Norte,AM,Sup_Norte_B,Privada,Escola_49,Ensino Médio,Noite,14,Masculino,45
408,2024,Sul,SC,Sup_Sul_B,Pública,Escola_43,Fundamental II,Manhã,10,Outro,64
409,2024,Centro-Oeste,GO,Sup_CO_A,Pública,Escola_55,Fundamental I,Noite,10,Masculino,93
410,2023,Nordeste,CE,Sup_Nordeste_B,Pública,Escola_99,Ensino Médio,Tarde,15,Outro,75
411,2023,Sul,PR,Sup_Sul_A,Privada,Escola_68,Fundamental II,Noite,14,Outro,88
412,2025,Centro-Oeste,MS,Sup_CO_A,Privada,Escola_52,Ensino Médio,Manhã,7,Masculino,33
413,2024,Nordeste,SE,Sup_Nordeste_A,Pública,Escola_31,Ensino Médio,Noite,6,Feminino,46
414,2023,Nordeste,MA,Sup_Nordeste_C,Privada,Escola_20,Fundamental I,Noite,12,Masculino,96
415,2023,Centro-Oeste,MT,Sup_CO_A,Pública,Escola_4,Ensino Médio,Manhã,9,Masculino,55
416,2023,Norte,RO,Sup_Norte_B,Privada,Escola_1,Ensino Médio,Manhã,13,Feminino,35
417,2024,Sul,PR,Sup_Sul_A,Pública,Escola_52,EJA,Noite,13,Feminino,41
418,2025,Norte,AM,Sup_Norte_B,Pública,Escola_45,EJA,Noite,15,Feminino,82
419,2023,Sudeste,RJ,Sup_Sudeste_C,Privada,Escola_25,EJA,Tarde,16,Feminino,60
420,2023,Centro-Oeste,GO,Sup_CO_A,Pública,Escola_78,Fundamental II,Manhã,6,Outro,68
421,2023,Nordeste,SE,Sup_Nordeste_B,Privada,Escola_51,Fundamental II,Manhã,9,Outro,27
422,2023,Nordeste,MA,Sup_Nordeste_A,Pública,Escola_45,EJA,Tarde,12,Masculino,84
423,2024,Nordeste,BA,Sup_Nordeste_B,Privada,Escola_69,Ensino Médio,Tarde,17,Feminino,64
424,2023,Sudeste,SP,Sup_Sudeste_D,Pública,Escola_56,Fundamental II,Manhã,10,Outro,74
425,2023,Norte,RO,Sup_Norte_A,Pública,Escola_82,Ensino Médio,Noite,14,Outro,98
426,2023,Sul,RS,Sup_Sul_A,Privada,Escola_29,EJA,Noite,8,Masculino,76
427,2024,Sudeste,ES,Sup_Sudeste_A,Privada,Escola_32,Fundamental II,Noite,12,Feminino,25
428,2024,Centro-Oeste,MT,Sup_CO_A,Privada,Escola_49,Ensino Médio,Manhã,8,Feminino,85
429,2024,Sudeste,RJ,Sup_Sudeste_C,Pública,Escola_46,Fundamental II,Manhã,13,Masculino,23
430,2025,Centro-Oeste,DF,Sup_CO_B,Privada,Escola_28,Ensino Médio,Tarde,6,Outro,95
431,2024,Norte,PA,Sup_Norte_A,Privada,Escola_12,Fundamental II,Manhã,17,Feminino,59
432,2025,Norte,AM,Sup_Norte_B,Privada,Escola_32,EJA,Manhã,7,Masculino,60
433,2024,Norte,PA,Sup_Norte_B,Privada,Escola_9,Fundamental II,Noite,17,Masculino,25
434,2025,Nordeste,SE,Sup_Nordeste_C,Pública,Escola_62,Fundamental I,Noite,15,Masculino,27
435,2025,Sudeste,RJ,Sup_Sudeste_B,Privada,Escola_5,EJA,Noite,11,Masculino,91
436,2023,Sul,PR,Sup_Sul_B,Privada,Escola_64,EJA,Manhã,6,Masculino,76
437,2024,Centro-Oeste,MS,Sup_CO_B,Privada,Escola_75,EJA,Tarde,6,Masculino,42
438,2025,Sudeste,ES,Sup_Sudeste_C,Privada,Escola_43,Ensino Médio,Noite,10,Masculino,55
439,2024,Centro-Oeste,MT,Sup_CO_A,Privada,Escola_50,Ensino Médio,Tarde,16,Outro,98
440,2024,Sudeste,MG,Sup_Sudeste_A,Pública,Escola_4,EJA,Manhã,14,Masculino,20
441,2025,Centro-Oeste,MT,Sup_CO_A,Pública,Escola_32,Fundamental I,Tarde,13,Masculino,73
442,2023,Norte,PA,Sup_Norte_A,Privada,Escola_14,EJA,Tarde,13,Masculino,39
443,2024,Nordeste,PI,Sup_Nordeste_A,Privada,Escola_39,Ensino Médio,Manhã,12,Feminino,76
444,2023,Centro-Oeste,GO,Sup_CO_A,Pública,Escola_91,EJA,Tarde,7,Masculino,21
445,2023,Nordeste,CE,Sup_Nordeste_A,Privada,Escola_50,Fundamental I,Noite,12,Outro,75
446,2024,Sudeste,SP,Sup_Sudeste_A,Pública,Escola_84,EJA,Noite,17,Masculino,80
447,2023,Nordeste,CE,Sup_Nordeste_C,Pública,Escola_12,Ensino Médio,Manhã,8,Feminino,28
448,2023,Sudeste,ES,Sup_Sudeste_A,Pública,Escola_3,Fundamental I,Tarde,13,Masculino,52
449,2025,Sudeste,SP,Sup_Sudeste_C,Pública,Escola_72,EJA,Manhã,8,Outro,86
450,2025,Norte,RO,Sup_Norte_A,Pública,Escola_10,Fundamental II,Tarde,13,Outro,30
451,2025,Norte,PA,Sup_Norte_A,Pública,Escola_99,EJA,Tarde,16,Feminino,21
452,2025,Sudeste,RJ,Sup_Sudeste_A,Privada,Escola_6,Fundamental I,Noite,14,Outro,83
453,2025,Sudeste,RJ,Sup_Sudeste_D,Privada,Escola_29,Fundamental II,Manhã,9,Masculino,44
454,2023,Sul,RS,Sup_Sul_B,Pública,Escola_9,Fundamental I,Noite,16,Feminino,91
455,2023,Centro-Oeste,MT,Sup_CO_B,Privada,Escola_16,Ensino Médio,Manhã,17,Outro,87
456,2025,Centro-Oeste,MT,Sup_CO_B,Privada,Escola_76,Fundamental I,Manhã,13,Feminino,87
457,2025,Centro-Oeste,MT,Sup_CO_A,Pública,Escola_89,Ensino Médio,Manhã,16,Masculino,40
458,2024,Sul,SC,Sup_Sul_B,Pública,Escola_9,Ensino Médio,Noite,12,Masculino,64
459,2024,Sudeste,MG,Sup_Sudeste_C,Pública,Escola_33,Fundamental I,Noite,16,Feminino,81
460,2025,Sul,SC,Sup_Sul_B,Privada,Escola_1,Fundamental I,Tarde,17,Masculino,96
461,2025,Nordeste,BA,Sup_Nordeste_A,Privada,Escola_97,Fundamental I,Tarde,9,Outro,47
462,2025,Nordeste,CE,Sup_Nordeste_C,Pública,Escola_91,Fundamental I,Tarde,13,Outro,98
463,2023,Norte,PA,Sup_Norte_A,Pública,Escola_70,EJA,Noite,13,Outro,74
464,2024,Sudeste,SP,Sup_Sudeste_A,Privada,Escola_97,Fundamental I,Tarde,11,Outro,58
465,2023,Sudeste,MG,Sup_Sudeste_D,Privada,Escola_13,Fundamental I,Noite,12,Masculino,51
466,2025,Centro-Oeste,MT,Sup_CO_B,Privada,Escola_29,Fundamental I,Tarde,7,Outro,48
467,2025,Norte,AP,Sup_Norte_B,Privada,Escola_22,Fundamental II,Manhã,9,Feminino,92
468,2025,Sul,SC,Sup_Sul_B,Privada,Escola_22,EJA,Noite,11,Masculino,82
469,2023,Sul,PR,Sup_Sul_B,Privada,Escola_75,EJA,Noite,9,Outro,59
470,2024,Sudeste,ES,Sup_Sudeste_A,Privada,Escola_39,EJA,Tarde,14,Outro,43
471,2024,Nordeste,PB,Sup_Nordeste_A,Pública,Escola_11,EJA,Manhã,8,Feminino,28
472,2024,Centro-Oeste,GO,Sup_CO_B,Pública,Escola_68,EJA,Noite,9,Outro,83
473,2025,Centro-Oeste,DF,Sup_CO_A,Privada,Escola_82,Fundamental I,Tarde,17,Feminino,90
474,2024,Centro-Oeste,MT,Sup_CO_B,Privada,Escola_46,Fundamental II,Noite,15,Feminino,76
475,2024,Sul,PR,Sup_Sul_A,Pública,Escola_99,Fundamental I,Tarde,17,Feminino,84
476,2024,Nordeste,MA,Sup_Nordeste_B,Pública,Escola_80,Fundamental II,Tarde,8,Masculino,61
477,2025,Norte,TO,Sup_Norte_A,Pública,Escola_5,Fundamental I,Manhã,16,Feminino,70
478,2023,Norte,AC,Sup_Norte_A,Privada,Escola_35,Fundamental I,Manhã,11,Feminino,83
479,2025,Sul,RS,Sup_Sul_B,Pública,Escola_1,Fundamental I,Noite,16,Feminino,45
480,2025,Centro-Oeste,MT,Sup_CO_B,Pública,Escola_60,Fundamental I,Manhã,13,Masculino,73
481,2023,Sul,RS,Sup_Sul_A,Privada,Escola_61,Fundamental II,Tarde,10,Outro,93
482,2025,Sul,RS,Sup_Sul_B,Pública,Escola_41,Fundamental II,Noite,13,Outro,25
483,2025,Sul,SC,Sup_Sul_B,Privada,Escola_77,Fundamental II,Manhã,6,Masculino,26
484,2025,Sul,RS,Sup_Sul_B,Privada,Escola_55,Fundamental II,Manhã,12,Outro,34
485,2024,Sudeste,MG,Sup_Sudeste_B,Pública,Escola_91,Fundamental II,Noite,9,Outro,31
486,2024,Sudeste,SP,Sup_Sudeste_A,Pública,Escola_37,EJA,Tarde,17,Outro,72
487,2024,Centro-Oeste,GO,Sup_CO_B,Pública,Escola_16,Fundamental I,Tarde,14,Feminino,70
488,2024,Sul,RS,Sup_Sul_A,Privada,Escola_54,Fundamental I,Manhã,7,Feminino,92
489,2025,Sul,PR,Sup_Sul_B,Pública,Escola_78,EJA,Noite,12,Masculino,86
490,2025,Nordeste,BA,Sup_Nordeste_A,Privada,Escola_33,EJA,Noite,11,Outro,48
491,2025,Sul,SC,Sup_Sul_B,Privada,Escola_69,Ensino Médio,Noite,14,Masculino,34
492,2023,Centro-Oeste,MT,Sup_CO_A,Privada,Escola_48,Fundamental II,Noite,16,Masculino,21
493,2024,Sul,SC,Sup_Sul_A,Privada,Escola_97,Fundamental I,Noite,9,Masculino,24
494,2024,Centro-Oeste,MS,Sup_CO_A,Privada,Escola_68,Ensino Médio,Manhã,6,Feminino,33
495,2023,Sudeste,MG,Sup_Sudeste_A,Privada,Escola_85,EJA,Manhã,12,Outro,79
496,2024,Sudeste,MG,Sup_Sudeste_C,Pública,Escola_25,Fundamental II,Tarde,8,Feminino,21
497,2025,Centro-Oeste,GO,Sup_CO_A,Privada,Escola_92,Fundamental II,Tarde,14,Masculino,65
498,2024,Nordeste,PB,Sup_Nordeste_A,Privada,Escola_78,Ensino Médio,Tarde,12,Outro,61
499,2025,Sul,PR,Sup_Sul_B,Privada,Escola_63,Fundamental II,Manhã,15,Outro,68
500,2025,Sul,PR,Sup_Sul_A,Pública,Escola_85,EJA,Manhã,13,Outro,44
501,2025,Norte,PA,Sup_Norte_A,Privada,Escola_78,Fundamental I,Tarde,16,Feminino,20
502,2024,Nordeste,BA,Sup_Nordeste_A,Pública,Escola_43,Fundamental II,Noite,7,Masculino,43
503,2023,Norte,AM,Sup_Norte_B,Privada,Escola_53,Fundamental II,Noite,9,Masculino,62
504,2024,Sudeste,ES,Sup_Sudeste_C,Pública,Escola_30,EJA,Noite,12,Feminino,36
505,2024,Sudeste,ES,Sup_Sudeste_C,Pública,Escola_53,EJA,Manhã,7,Masculino,78
506,2023,Sudeste,SP,Sup_Sudeste_B,Privada,Escola_73,Fundamental II,Tarde,13,Feminino,76
507,2023,Centro-Oeste,DF,Sup_CO_B,Pública,Escola_27,EJA,Tarde,17,Outro,55
508,2025,Sudeste,SP,Sup_Sudeste_B,Pública,Escola_90,Fundamental II,Tarde,13,Outro,77
509,2025,Centro-Oeste,DF,Sup_CO_B,Privada,Escola_43,EJA,Manhã,16,Masculino,78
510,2023,Sudeste,SP,Sup_Sudeste_B,Pública,Escola_62,Fundamental I,Tarde,13,Outro,21
511,2023,Centro-Oeste,MT,Sup_CO_B,Pública,Escola_97,Ensino Médio,Noite,14,Feminino,85
512,2024,Norte,AM,Sup_Norte_B,Privada,Escola_29,Fundamental II,Manhã,16,Outro,75
513,2023,Norte,RR,Sup_Norte_B,Privada,Escola_78,Fundamental II,Tarde,9,Masculino,82
514,2025,Norte,TO,Sup_Norte_B,Pública,Escola_36,Fundamental II,Tarde,12,Feminino,31
515,2023,Centro-Oeste,MT,Sup_CO_B,Pública,Escola_77,Ensino Médio,Manhã,15,Feminino,99
516,2023,Centro-Oeste,GO,Sup_CO_A,Pública,Escola_100,EJA,Manhã,8,Feminino,77
517,2025,Nordeste,BA,Sup_Nordeste_A,Pública,Escola_27,EJA,Noite,15,Outro,23
518,2025,Sul,PR,Sup_Sul_A,Privada,Escola_84,Fundamental II,Tarde,17,Masculino,42
519,2023,Nordeste,PE,Sup_Nordeste_B,Privada,Escola_4,EJA,Manhã,11,Feminino,62
520,2023,Norte,TO,Sup_Norte_A,Privada,Escola_88,Ensino Médio,Tarde,14,Outro,59
521,2023,Sul,SC,Sup_Sul_A,Privada,Escola_77,Fundamental I,Manhã,8,Outro,84
522,2024,Centro-Oeste,MT,Sup_CO_A,Pública,Escola_45,Ensino Médio,Noite,8,Feminino,22
523,2024,Norte,TO,Sup_Norte_A,Pública,Escola_26,EJA,Tarde,12,Masculino,31
524,2024,Nordeste,SE,Sup_Nordeste_C,Pública,Escola_51,Ensino Médio,Manhã,6,Feminino,23
525,2024,Centro-Oeste,MT,Sup_CO_A,Pública,Escola_7,EJA,Noite,15,Masculino,93
526,2024,Sudeste,SP,Sup_Sudeste_C,Privada,Escola_74,Ensino Médio,Noite,14,Feminino,59
527,2023,Centro-Oeste,DF,Sup_CO_A,Pública,Escola_48,Fundamental I,Manhã,9,Outro,25
528,2023,Sul,PR,Sup_Sul_B,Pública,Escola_52,EJA,Noite,11,Outro,66
529,2025,Centro-Oeste,DF,Sup_CO_A,Privada,Escola_47,Fundamental II,Tarde,15,Outro,67
530,2024,Norte,AP,Sup_Norte_A,Privada,Escola_52,Ensino Médio,Tarde,6,Feminino,96
531,2023,Nordeste,PE,Sup_Nordeste_A,Privada,Escola_53,Ensino Médio,Manhã,6,Feminino,89
532,2024,Norte,AC,Sup_Norte_A,Pública,Escola_44,Fundamental II,Tarde,11,Masculino,87
533,2025,Sul,PR,Sup_Sul_A,Privada,Escola_4,Fundamental I,Noite,9,Feminino,87
534,2024,Norte,PA,Sup_Norte_A,Pública,Escola_84,Ensino Médio,Manhã,10,Masculino,56
535,2025,Sul,PR,Sup_Sul_B,Pública,Escola_13,Fundamental I,Manhã,12,Masculino,93
536,2023,Norte,AM,Sup_Norte_B,Privada,Escola_84,Ensino Médio,Noite,15,Feminino,48
537,2023,Nordeste,RN,Sup_Nordeste_C,Privada,Escola_93,EJA,Noite,8,Outro,26
538,2024,Norte,RR,Sup_Norte_B,Pública,Escola_41,EJA,Manhã,9,Outro,92
539,2025,Sul,RS,Sup_Sul_A,Pública,Escola_25,Ensino Médio,Noite,13,Outro,97
540,2025,Centro-Oeste,MT,Sup_CO_A,Pública,Escola_14,Fundamental I,Noite,7,Feminino,87
541,2025,Sul,SC,Sup_Sul_B,Pública,Escola_79,Fundamental I,Manhã,8,Masculino,73
542,2023,Nordeste,AL,Sup_Nordeste_C,Privada,Escola_55,Ensino Médio,Noite,11,Masculino,20
543,2023,Nordeste,PE,Sup_Nordeste_A,Pública,Escola_7,EJA,Noite,10,Masculino,90
544,2023,Sul,SC,Sup_Sul_A,Privada,Escola_13,Fundamental I,Manhã,6,Outro,29
545,2025,Norte,RR,Sup_Norte_B,Privada,Escola_97,Fundamental II,Tarde,6,Outro,22
546,2024,Nordeste,CE,Sup_Nordeste_B,Pública,Escola_29,Ensino Médio,Manhã,12,Feminino,94
547,2024,Centro-Oeste,MT,Sup_CO_A,Pública,Escola_28,Fundamental I,Noite,6,Outro,27
548,2024,Sul,RS,Sup_Sul_A,Pública,Escola_98,Ensino Médio,Noite,9,Masculino,80
549,2024,Nordeste,AL,Sup_Nordeste_A,Privada,Escola_9,Ensino Médio,Manhã,17,Outro,75
550,2023,Norte,AC,Sup_Norte_B,Pública,Escola_23,EJA,Manhã,16,Outro,52
551,2023,Sudeste,MG,Sup_Sudeste_D,Privada,Escola_26,Fundamental II,Tarde,15,Feminino,27
552,2023,Centro-Oeste,MT,Sup_CO_A,Pública,Escola_75,EJA,Noite,10,Masculino,48
553,2023,Sudeste,MG,Sup_Sudeste_C,Privada,Escola_9,Ensino Médio,Manhã,14,Feminino,63
554,2023,Norte,RO,Sup_Norte_A,Pública,Escola_91,Ensino Médio,Tarde,13,Outro,22
555,2023,Sudeste,ES,Sup_Sudeste_A,Pública,Escola_35,Fundamental II,Tarde,17,Outro,83
556,2024,Sudeste,ES,Sup_Sudeste_D,Privada,Escola_28,Fundamental I,Noite,17,Masculino,39
557,2023,Sul,RS,Sup_Sul_B,Pública,Escola_20,Fundamental I,Noite,9,Masculino,85
558,2025,Sudeste,SP,Sup_Sudeste_C,Pública,Escola_93,EJA,Manhã,12,Feminino,40
559,2025,Sul,SC,Sup_Sul_B,Pública,Escola_38,EJA,Noite,14,Outro,87
560,2025,Centro-Oeste,DF,Sup_CO_A,Privada,Escola_2,Ensino Médio,Manhã,7,Masculino,78
561,2025,Sul,RS,Sup_Sul_A,Privada,Escola_94,Ensino Médio,Noite,9,Masculino,73
562,2024,Norte,AC,Sup_Norte_A,Privada,Escola_53,Ensino Médio,Tarde,14,Masculino,28
563,2024,Centro-Oeste,GO,Sup_CO_A,Privada,Escola_88,EJA,Noite,7,Feminino,45
564,2023,Centro-Oeste,MS,Sup_CO_A,Privada,Escola_62,EJA,Tarde,7,Outro,51
565,2023,Centro-Oeste,GO,Sup_CO_B,Privada,Escola_67,Ensino Médio,Tarde,15,Masculino,92
566,2024,Centro-Oeste,GO,Sup_CO_B,Pública,Escola_74,Fundamental I,Manhã,8,Outro,30
567,2023,Sudeste,RJ,Sup_Sudeste_A,Privada,Escola_1,Fundamental II,Tarde,9,Masculino,54
568,2025,Sudeste,ES,Sup_Sudeste_B,Pública,Escola_62,Fundamental II,Noite,7,Feminino,66
569,2023,Centro-Oeste,DF,Sup_CO_B,Privada,Escola_52,Ensino Médio,Tarde,15,Feminino,89
570,2023,Norte,RR,Sup_Norte_A,Privada,Escola_38,Fundamental I,Tarde,10,Masculino,21
571,2024,Centro-Oeste,GO,Sup_CO_A,Pública,Escola_95,Fundamental I,Tarde,8,Masculino,71
572,2023,Sul,PR,Sup_Sul_A,Privada,Escola_80,Fundamental II,Tarde,12,Feminino,66
573,2024,Sul,SC,Sup_Sul_A,Pública,Escola_92,Fundamental I,Noite,15,Feminino,97
574,2023,Sudeste,SP,Sup_Sudeste_C,Pública,Escola_82,EJA,Tarde,14,Feminino,89
575,2024,Sudeste,SP,Sup_Sudeste_B,Privada,Escola_58,EJA,Manhã,7,Outro,56
576,2024,Nordeste,MA,Sup_Nordeste_C,Pública,Escola_50,Ensino Médio,Manhã,15,Masculino,32
577,2023,Sudeste,RJ,Sup_Sudeste_D,Privada,Escola_12,Ensino Médio,Manhã,14,Masculino,42
578,2024,Sul,RS,Sup_Sul_A,Pública,Escola_95,Fundamental I,Noite,11,Masculino,84
579,2025,Nordeste,CE,Sup_Nordeste_C,Pública,Escola_67,Fundamental I,Tarde,6,Outro,31
580,2025,Sudeste,SP,Sup_Sudeste_B,Pública,Escola_9,Fundamental I,Noite,15,Masculino,71
581,2023,Norte,TO,Sup_Norte_A,Pública,Escola_16,Fundamental I,Noite,7,Outro,86
582,2023,Norte,AC,Sup_Norte_B,Privada,Escola_23,Fundamental II,Tarde,12,Outro,56
583,2025,Centro-Oeste,MS,Sup_CO_B,Privada,Escola_89,EJA,Tarde,9,Outro,57
584,2023,Centro-Oeste,MS,Sup_CO_A,Pública,Escola_36,Fundamental II,Noite,10,Outro,79
585,2025,Centro-Oeste,DF,Sup_CO_B,Pública,Escola_68,Fundamental II,Manhã,8,Masculino,55
586,2025,Centro-Oeste,DF,Sup_CO_B,Pública,Escola_24,EJA,Noite,6,Masculino,62
587,2024,Centro-Oeste,DF,Sup_CO_B,Privada,Escola_45,Ensino Médio,Tarde,14,Masculino,98
588,2025,Norte,PA,Sup_Norte_B,Pública,Escola_73,Ensino Médio,Noite,7,Feminino,24
589,2024,Norte,TO,Sup_Norte_B,Pública,Escola_54,Fundamental II,Tarde,7,Outro,50
590,2023,Sudeste,SP,Sup_Sudeste_A,Privada,Escola_51,EJA,Noite,12,Masculino,25
591,2024,Nordeste,BA,Sup_Nordeste_B,Pública,Escola_39,Fundamental II,Noite,17,Feminino,78
592,2025,Sul,SC,Sup_Sul_B,Privada,Escola_70,Fundamental I,Tarde,15,Feminino,50
593,2024,Centro-Oeste,MS,Sup_CO_A,Pública,Escola_57,Fundamental II,Manhã,10,Feminino,98
594,2025,Nordeste,PE,Sup_Nordeste_A,Privada,Escola_32,EJA,Tarde,11,Feminino,59
595,2023,Sul,PR,Sup_Sul_B,Pública,Escola_17,Fundamental II,Noite,12,Feminino,54
596,2023,Nordeste,PI,Sup_Nordeste_B,Privada,Escola_26,EJA,Noite,6,Masculino,83
597,2023,Centro-Oeste,MS,Sup_CO_B,Privada,Escola_42,Fundamental I,Manhã,9,Masculino,88
598,2024,Centro-Oeste,MT,Sup_CO_A,Privada,Escola_55,Ensino Médio,Noite,15,Masculino,53
599,2025,Centro-Oeste,MS,Sup_CO_B,Pública,Escola_7,EJA,Tarde,7,Masculino,53
600,2025,Centro-Oeste,MT,Sup_CO_B,Pública,Escola_65,EJA,Tarde,16,Outro,36
601,2023,Sul,SC,Sup_Sul_B,Privada,Escola_60,Fundamental I,Noite,6,Feminino,97
602,2025,Sul,RS,Sup_Sul_B,Pública,Escola_10,EJA,Noite,7,Masculino,42
603,2024,Sudeste,ES,Sup_Sudeste_B,Privada,Escola_76,EJA,Tarde,9,Outro,43
604,2023,Nordeste,BA,Sup_Nordeste_B,Pública,Escola_14,EJA,Manhã,10,Masculino,32
605,2025,Nordeste,SE,Sup_Nordeste_B,Pública,Escola_13,Fundamental II,Manhã,11,Feminino,71
606,2023,Centro-Oeste,MS,Sup_CO_B,Privada,Escola_16,Fundamental II,Tarde,17,Outro,25
607,2024,Nordeste,PE,Sup_Nordeste_B,Pública,Escola_74,Ensino Médio,Manhã,11,Feminino,54
608,2025,Nordeste,SE,Sup_Nordeste_A,Privada,Escola_16,Fundamental I,Noite,7,Feminino,32
609,2024,Centro-Oeste,DF,Sup_CO_B,Privada,Escola_43,EJA,Noite,11,Masculino,34
610,2024,Norte,RO,Sup_Norte_B,Pública,Escola_50,Fundamental II,Noite,14,Masculino,32
611,2024,Sul,RS,Sup_Sul_A,Privada,Escola_71,Ensino Médio,Noite,10,Outro,25
612,2025,Centro-Oeste,MS,Sup_CO_B,Pública,Escola_22,Fundamental I,Manhã,15,Outro,54
613,2023,Norte,RO,Sup_Norte_A,Pública,Escola_91,Fundamental II,Tarde,17,Outro,98
614,2023,Sul,RS,Sup_Sul_A,Pública,Escola_90,EJA,Manhã,10,Masculino,85
615,2024,Centro-Oeste,MS,Sup_CO_B,Pública,Escola_93,Ensino Médio,Noite,17,Feminino,69
616,2024,Sudeste,RJ,Sup_Sudeste_B,Privada,Escola_79,Fundamental II,Manhã,9,Feminino,87
617,2023,Centro-Oeste,MS,Sup_CO_A,Privada,Escola_98,Ensino Médio,Noite,15,Outro,44
618,2024,Norte,TO,Sup_Norte_A,Privada,Escola_90,Ensino Médio,Manhã,12,Feminino,77
619,2024,Sudeste,ES,Sup_Sudeste_B,Privada,Escola_17,Fundamental I,Tarde,12,Outro,49
620,2024,Norte,PA,Sup_Norte_A,Privada,Escola_98,Fundamental I,Manhã,17,Masculino,93
621,2025,Sudeste,SP,Sup_Sudeste_C,Pública,Escola_8,Fundamental I,Manhã,7,Feminino,39
622,2023,Centro-Oeste,MS,Sup_CO_A,Privada,Escola_14,EJA,Manhã,10,Masculino,39
623,2024,Norte,AC,Sup_Norte_B,Pública,Escola_98,Fundamental I,Noite,8,Masculino,23
624,2024,Sudeste,RJ,Sup_Sudeste_B,Pública,Escola_82,Ensino Médio,Noite,12,Masculino,32
625,2024,Nordeste,CE,Sup_Nordeste_B,Pública,Escola_58,Fundamental I,Tarde,9,Masculino,43
626,2024,Sul,RS,Sup_Sul_B,Pública,Escola_70,Ensino Médio,Tarde,11,Feminino,42
627,2024,Sul,SC,Sup_Sul_B,Privada,Escola_89,Fundamental I,Tarde,7,Outro,86
628,2025,Nordeste,PI,Sup_Nordeste_B,Privada,Escola_23,EJA,Noite,13,Feminino,34
629,2024,Sul,SC,Sup_Sul_B,Privada,Escola_2,Fundamental I,Noite,12,Feminino,98
630,2025,Sudeste,SP,Sup_Sudeste_B,Privada,Escola_40,Fundamental II,Manhã,7,Masculino,49
631,2024,Sul,PR,Sup_Sul_B,Privada,Escola_81,Fundamental II,Tarde,17,Outro,75
632,2023,Centro-Oeste,MS,Sup_CO_A,Privada,Escola_67,Fundamental I,Tarde,10,Masculino,29
633,2024,Norte,PA,Sup_Norte_A,Privada,Escola_95,Fundamental II,Tarde,12,Outro,77
634,2023,Centro-Oeste,MT,Sup_CO_A,Privada,Escola_2,Fundamental II,Noite,7,Feminino,90
635,2025,Nordeste,CE,Sup_Nordeste_B,Privada,Escola_80,Fundamental II,Noite,7,Outro,50
636,2025,Sul,RS,Sup_Sul_B,Pública,Escola_54,Fundamental I,Manhã,12,Outro,30
637,2024,Centro-Oeste,MS,Sup_CO_B,Pública,Escola_17,Fundamental II,Tarde,14,Masculino,66
638,2023,Sul,SC,Sup_Sul_B,Privada,Escola_14,Ensino Médio,Noite,6,Feminino,22
639,2025,Nordeste,AL,Sup_Nordeste_B,Pública,Escola_93,EJA,Tarde,12,Masculino,69
640,2024,Sudeste,MG,Sup_Sudeste_A,Privada,Escola_57,EJA,Noite,15,Feminino,65
641,2023,Nordeste,MA,Sup_Nordeste_A,Privada,Escola_53,Fundamental I,Manhã,16,Outro,48
642,2024,Centro-Oeste,DF,Sup_CO_B,Privada,Escola_57,Fundamental II,Tarde,16,Feminino,37
643,2024,Sudeste,SP,Sup_Sudeste_A,Privada,Escola_37,EJA,Manhã,11,Masculino,55
644,2025,Sudeste,ES,Sup_Sudeste_D,Privada,Escola_96,Ensino Médio,Noite,16,Outro,87
645,2023,Centro-Oeste,GO,Sup_CO_A,Privada,Escola_32,Fundamental II,Manhã,16,Masculino,99
646,2023,Nordeste,RN,Sup_Nordeste_C,Privada,Escola_41,EJA,Manhã,10,Masculino,37
647,2024,Nordeste,BA,Sup_Nordeste_C,Privada,Escola_47,EJA,Manhã,15,Masculino,42
648,2023,Nordeste,SE,Sup_Nordeste_A,Privada,Escola_75,Ensino Médio,Noite,10,Outro,31
649,2023,Sul,PR,Sup_Sul_A,Privada,Escola_82,Fundamental I,Noite,16,Masculino,43
650,2025,Sudeste,MG,Sup_Sudeste_C,Pública,Escola_15,Ensino Médio,Manhã,7,Feminino,32
651,2023,Sul,SC,Sup_Sul_B,Pública,Escola_41,Fundamental II,Noite,12,Masculino,23
652,2023,Norte,RR,Sup_Norte_A,Pública,Escola_75,Fundamental I,Manhã,11,Outro,38
653,2024,Centro-Oeste,MT,Sup_CO_A,Pública,Escola_90,Ensino Médio,Noite,11,Feminino,33
654,2025,Sul,PR,Sup_Sul_B,Privada,Escola_23,Fundamental I,Manhã,15,Masculino,60
655,2023,Sul,SC,Sup_Sul_B,Privada,Escola_18,Fundamental II,Tarde,15,Feminino,49
656,2024,Norte,TO,Sup_Norte_B,Privada,Escola_15,Fundamental I,Tarde,11,Masculino,82
657,2025,Sudeste,RJ,Sup_Sudeste_C,Pública,Escola_76,Fundamental I,Noite,10,Masculino,23
658,2024,Norte,TO,Sup_Norte_A,Privada,Escola_51,Fundamental II,Tarde,10,Outro,39
659,2023,Sul,SC,Sup_Sul_B,Pública,Escola_77,Fundamental II,Tarde,8,Outro,53
660,2025,Nordeste,AL,Sup_Nordeste_A,Privada,Escola_15,Ensino Médio,Tarde,6,Masculino,50
661,2024,Sul,SC,Sup_Sul_A,Privada,Escola_66,Fundamental I,Manhã,11,Masculino,60
662,2023,Norte,AC,Sup_Norte_B,Pública,Escola_13,Fundamental II,Noite,15,Outro,30
663,2023,Norte,RR,Sup_Norte_B,Privada,Escola_55,Fundamental II,Tarde,11,Outro,66
664,2025,Sudeste,MG,Sup_Sudeste_A,Pública,Escola_17,Ensino Médio,Noite,13,Outro,81
665,2025,Sudeste,RJ,Sup_Sudeste_C,Pública,Escola_55,Fundamental I,Noite,13,Feminino,48
666,2023,Centro-Oeste,MT,Sup_CO_B,Pública,Escola_81,Fundamental I,Tarde,14,Masculino,24
667,2024,Nordeste,AL,Sup_Nordeste_C,Privada,Escola_32,Ensino Médio,Manhã,15,Feminino,85
668,2023,Sul,RS,Sup_Sul_A,Privada,Escola_40,EJA,Tarde,8,Outro,71
669,2023,Nordeste,PE,Sup_Nordeste_C,Pública,Escola_25,Fundamental I,Tarde,12,Outro,73
670,2024,Centro-Oeste,MS,Sup_CO_A,Pública,Escola_39,Ensino Médio,Tarde,6,Outro,30
671,2024,Norte,RO,Sup_Norte_A,Privada,Escola_85,Fundamental I,Noite,17,Masculino,79
672,2025,Centro-Oeste,MT,Sup_CO_A,Privada,Escola_26,Ensino Médio,Manhã,7,Outro,38
673,2024,Sudeste,ES,Sup_Sudeste_B,Pública,Escola_32,Ensino Médio,Manhã,16,Feminino,37
674,2025,Nordeste,PE,Sup_Nordeste_B,Pública,Escola_66,EJA,Tarde,17,Feminino,95
675,2024,Centro-Oeste,DF,Sup_CO_B,Privada,Escola_4,EJA,Manhã,16,Feminino,38
676,2023,Sul,PR,Sup_Sul_B,Privada,Escola_92,Ensino Médio,Noite,16,Outro,47
677,2025,Sudeste,ES,Sup_Sudeste_D,Privada,Escola_82,Fundamental II,Tarde,10,Feminino,30
678,2025,Centro-Oeste,MS,Sup_CO_A,Pública,Escola_53,Fundamental II,Tarde,12,Outro,74
679,2023,Centro-Oeste,MT,Sup_CO_B,Pública,Escola_97,Fundamental II,Tarde,8,Outro,32
680,2023,Norte,AC,Sup_Norte_B,Privada,Escola_37,EJA,Noite,16,Outro,38
681,2025,Nordeste,BA,Sup_Nordeste_A,Privada,Escola_59,EJA,Noite,7,Outro,68
682,2023,Nordeste,PB,Sup_Nordeste_A,Privada,Escola_29,Fundamental I,Manhã,12,Feminino,39
683,2023,Sudeste,ES,Sup_Sudeste_A,Privada,Escola_3,Ensino Médio,Tarde,8,Feminino,47
684,2025,Sudeste,MG,Sup_Sudeste_A,Privada,Escola_56,EJA,Tarde,8,Outro,33
685,2023,Sul,RS,Sup_Sul_A,Pública,Escola_94,Ensino Médio,Tarde,10,Feminino,95
686,2024,Sudeste,RJ,Sup_Sudeste_A,Pública,Escola_55,EJA,Manhã,6,Feminino,41
687,2023,Sudeste,RJ,Sup_Sudeste_D,Pública,Escola_90,Ensino Médio,Tarde,15,Feminino,20
688,2025,Sudeste,MG,Sup_Sudeste_A,Pública,Escola_41,EJA,Noite,14,Masculino,85
689,2023,Sul,RS,Sup_Sul_A,Privada,Escola_22,Fundamental II,Noite,15,Feminino,57
690,2025,Nordeste,BA,Sup_Nordeste_A,Privada,Escola_70,Ensino Médio,Noite,15,Masculino,26
691,2025,Norte,AM,Sup_Norte_A,Pública,Escola_97,Fundamental I,Manhã,13,Feminino,86
692,2023,Norte,RR,Sup_Norte_A,Privada,Escola_32,EJA,Noite,11,Masculino,29
693,2023,Sudeste,SP,Sup_Sudeste_B,Privada,Escola_34,Fundamental II,Tarde,11,Outro,98
694,2023,Norte,AM,Sup_Norte_A,Privada,Escola_61,Fundamental II,Noite,16,Feminino,78
695,2023,Norte,RR,Sup_Norte_B,Pública,Escola_60,Ensino Médio,Noite,17,Masculino,62
696,2025,Sudeste,ES,Sup_Sudeste_B,Pública,Escola_43,Fundamental II,Noite,14,Feminino,62
697,2024,Centro-Oeste,GO,Sup_CO_B,Privada,Escola_73,EJA,Manhã,17,Outro,53
698,2025,Centro-Oeste,GO,Sup_CO_A,Pública,Escola_31,Fundamental II,Manhã,6,Masculino,84
699,2025,Sudeste,RJ,Sup_Sudeste_D,Privada,Escola_70,EJA,Manhã,17,Feminino,74
700,2023,Centro-Oeste,MT,Sup_CO_B,Privada,Escola_32,Fundamental I,Manhã,6,Feminino,69
701,2024,Sudeste,SP,Sup_Sudeste_B,Pública,Escola_2,Fundamental I,Noite,8,Masculino,85
702,2023,Sudeste,MG,Sup_Sudeste_D,Pública,Escola_47,Fundamental II,Tarde,14,Feminino,99
703,2024,Sul,SC,Sup_Sul_A,Privada,Escola_92,Fundamental II,Noite,17,Outro,83
704,2024,Norte,RO,Sup_Norte_A,Pública,Escola_40,EJA,Noite,7,Feminino,25
705,2023,Nordeste,PB,Sup_Nordeste_B,Privada,Escola_45,EJA,Noite,13,Feminino,80
706,2023,Centro-Oeste,GO,Sup_CO_B,Pública,Escola_61,Fundamental I,Tarde,14,Outro,35
707,2025,Sudeste,MG,Sup_Sudeste_D,Privada,Escola_21,Fundamental I,Noite,17,Masculino,41
708,2023,Sudeste,RJ,Sup_Sudeste_D,Privada,Escola_72,Fundamental II,Manhã,8,Masculino,36
709,2023,Nordeste,RN,Sup_Nordeste_A,Pública,Escola_8,Fundamental I,Manhã,7,Outro,81
710,2025,Norte,AM,Sup_Norte_A,Privada,Escola_6,EJA,Noite,17,Masculino,71
711,2025,Nordeste,MA,Sup_Nordeste_C,Privada,Escola_94,Fundamental I,Tarde,9,Feminino,89
712,2025,Norte,AP,Sup_Norte_B,Pública,Escola_76,Fundamental II,Tarde,15,Masculino,29
713,2023,Nordeste,PE,Sup_Nordeste_C,Privada,Escola_58,Fundamental I,Tarde,9,Outro,50
714,2025,Sudeste,MG,Sup_Sudeste_D,Pública,Escola_11,EJA,Tarde,10,Outro,98
715,2025,Nordeste,PB,Sup_Nordeste_A,Pública,Escola_68,Fundamental I,Tarde,16,Outro,32
716,2023,Norte,RO,Sup_Norte_A,Privada,Escola_50,Ensino Médio,Tarde,12,Masculino,57
717,2025,Sudeste,MG,Sup_Sudeste_C,Privada,Escola_71,EJA,Tarde,6,Outro,94
718,2025,Nordeste,AL,Sup_Nordeste_B,Pública,Escola_9,Ensino Médio,Manhã,10,Masculino,74
719,2023,Sudeste,ES,Sup_Sudeste_C,Pública,Escola_85,EJA,Manhã,16,Masculino,43
720,2024,Centro-Oeste,MT,Sup_CO_A,Privada,Escola_54,Fundamental I,Manhã,15,Feminino,33
721,2024,Sudeste,ES,Sup_Sudeste_D,Privada,Escola_21,Fundamental I,Tarde,8,Masculino,21
722,2025,Sul,PR,Sup_Sul_B,Privada,Escola_22,Fundamental I,Tarde,11,Masculino,31
723,2024,Sudeste,SP,Sup_Sudeste_B,Privada,Escola_69,Ensino Médio,Noite,14,Outro,21
724,2025,Nordeste,PI,Sup_Nordeste_A,Privada,Escola_94,EJA,Tarde,14,Masculino,95
725,2023,Sul,PR,Sup_Sul_A,Privada,Escola_79,EJA,Manhã,17,Masculino,25
726,2023,Sul,PR,Sup_Sul_A,Pública,Escola_65,Fundamental II,Tarde,17,Feminino,31
727,2023,Centro-Oeste,MS,Sup_CO_A,Pública,Escola_49,Fundamental II,Manhã,16,Feminino,23
728,2025,Norte,AM,Sup_Norte_A,Pública,Escola_24,EJA,Manhã,11,Masculino,36
729,2025,Centro-Oeste,GO,Sup_CO_A,Privada,Escola_4,EJA,Manhã,13,Masculino,87
730,2025,Sul,RS,Sup_Sul_B,Pública,Escola_66,Ensino Médio,Noite,9,Feminino,79
731,2023,Sul,RS,Sup_Sul_B,Privada,Escola_9,Fundamental I,Manhã,9,Masculino,78
732,2025,Centro-Oeste,DF,Sup_CO_A,Privada,Escola_97,Fundamental I,Manhã,7,Outro,62
733,2023,Nordeste,PB,Sup_Nordeste_A,Privada,Escola_37,Fundamental I,Tarde,15,Outro,88
734,2025,Sudeste,SP,Sup_Sudeste_D,Privada,Escola_80,EJA,Noite,13,Outro,35
735,2023,Sul,PR,Sup_Sul_B,Pública,Escola_69,Fundamental I,Noite,7,Outro,35
736,2023,Nordeste,BA,Sup_Nordeste_C,Privada,Escola_41,EJA,Tarde,6,Outro,27
737,2025,Norte,AM,Sup_Norte_B,Privada,Escola_71,EJA,Tarde,6,Feminino,57
738,2023,Nordeste,PI,Sup_Nordeste_B,Privada,Escola_37,Ensino Médio,Manhã,10,Outro,98
739,2024,Norte,AC,Sup_Norte_B,Privada,Escola_80,Fundamental II,Manhã,13,Masculino,80
740,2025,Sudeste,ES,Sup_Sudeste_C,Pública,Escola_72,Fundamental II,Noite,7,Feminino,47
741,2024,Sul,PR,Sup_Sul_A,Privada,Escola_91,EJA,Manhã,10,Feminino,66
742,2023,Sul,SC,Sup_Sul_A,Pública,Escola_45,EJA,Tarde,11,Outro,76
743,2025,Sul,SC,Sup_Sul_B,Privada,Escola_43,Fundamental I,Manhã,12,Outro,63
744,2024,Sul,RS,Sup_Sul_A,Privada,Escola_90,Fundamental II,Manhã,10,Feminino,79
745,2024,Norte,AM,Sup_Norte_B,Privada,Escola_44,Fundamental II,Noite,17,Masculino,86
746,2023,Sudeste,SP,Sup_Sudeste_D,Privada,Escola_84,Fundamental II,Tarde,11,Masculino,48
747,2025,Sul,SC,Sup_Sul_A,Privada,Escola_11,Fundamental I,Tarde,9,Masculino,44
748,2023,Sul,SC,Sup_Sul_A,Pública,Escola_77,Fundamental I,Noite,15,Masculino,50
749,2024,Sudeste,SP,Sup_Sudeste_A,Pública,Escola_31,Ensino Médio,Manhã,15,Outro,67
750,2024,Nordeste,PE,Sup_Nordeste_B,Pública,Escola_68,EJA,Tarde,16,Outro,90
751,2024,Centro-Oeste,MT,Sup_CO_B,Privada,Escola_47,Fundamental I,Noite,8,Outro,46
752,2025,Nordeste,MA,Sup_Nordeste_C,Pública,Escola_56,Fundamental I,Noite,6,Outro,82
753,2024,Centro-Oeste,GO,Sup_CO_A,Privada,Escola_26,Fundamental II,Tarde,10,Feminino,45
754,2025,Centro-Oeste,MS,Sup_CO_B,Pública,Escola_70,EJA,Noite,17,Outro,25
755,2025,Centro-Oeste,MT,Sup_CO_A,Pública,Escola_66,Fundamental II,Tarde,15,Outro,38
756,2025,Sul,SC,Sup_Sul_A,Privada,Escola_28,EJA,Tarde,17,Feminino,42
757,2025,Nordeste,MA,Sup_Nordeste_B,Privada,Escola_38,Fundamental I,Manhã,17,Outro,70
758,2023,Sul,PR,Sup_Sul_B,Pública,Escola_3,Ensino Médio,Manhã,7,Masculino,74
759,2024,Centro-Oeste,MS,Sup_CO_B,Privada,Escola_97,EJA,Noite,11,Outro,44
760,2023,Norte,TO,Sup_Norte_A,Pública,Escola_93,EJA,Noite,11,Masculino,30
761,2023,Sudeste,MG,Sup_Sudeste_A,Privada,Escola_1,Ensino Médio,Noite,14,Masculino,27
762,2024,Norte,AM,Sup_Norte_B,Pública,Escola_34,EJA,Noite,10,Feminino,21
763,2023,Norte,AC,Sup_Norte_A,Pública,Escola_86,EJA,Tarde,16,Feminino,21
764,2025,Nordeste,PB,Sup_Nordeste_B,Privada,Escola_50,EJA,Manhã,13,Feminino,79
765,2025,Norte,AM,Sup_Norte_A,Pública,Escola_78,Ensino Médio,Noite,8,Feminino,96
766,2024,Norte,AC,Sup_Norte_A,Pública,Escola_54,Ensino Médio,Manhã,7,Feminino,67
767,2025,Norte,AC,Sup_Norte_A,Privada,Escola_40,EJA,Manhã,16,Feminino,43
768,2025,Nordeste,BA,Sup_Nordeste_A,Privada,Escola_46,Ensino Médio,Noite,13,Feminino,43
769,2023,Sudeste,ES,Sup_Sudeste_B,Pública,Escola_52,Ensino Médio,Tarde,11,Outro,92
770,2023,Sul,RS,Sup_Sul_B,Pública,Escola_100,Ensino Médio,Manhã,9,Outro,29
771,2024,Sul,RS,Sup_Sul_A,Privada,Escola_46,Fundamental I,Manhã,16,Outro,36
772,2025,Sudeste,SP,Sup_Sudeste_D,Pública,Escola_58,Fundamental II,Manhã,10,Feminino,54
773,2024,Sudeste,ES,Sup_Sudeste_C,Privada,Escola_42,EJA,Tarde,16,Feminino,62
774,2025,Nordeste,PB,Sup_Nordeste_C,Privada,Escola_67,Ensino Médio,Noite,9,Masculino,98
775,2023,Sul,PR,Sup_Sul_A,Pública,Escola_41,Fundamental I,Tarde,15,Feminino,34
776,2025,Sul,PR,Sup_Sul_A,Pública,Escola_5,Fundamental II,Noite,6,Masculino,91
777,2024,Nordeste,BA,Sup_Nordeste_B,Pública,Escola_29,Fundamental II,Noite,9,Feminino,40
778,2024,Norte,AM,Sup_Norte_A,Privada,Escola_36,Fundamental I,Tarde,13,Feminino,99
779,2024,Sul,SC,Sup_Sul_A,Privada,Escola_3,Ensino Médio,Manhã,7,Feminino,45
780,2025,Sudeste,RJ,Sup_Sudeste_D,Privada,Escola_45,EJA,Manhã,11,Feminino,74
781,2024,Centro-Oeste,GO,Sup_CO_B,Pública,Escola_97,Fundamental I,Manhã,10,Masculino,91
782,2024,Sudeste,ES,Sup_Sudeste_C,Pública,Escola_79,EJA,Tarde,17,Feminino,38
783,2023,Sul,PR,Sup_Sul_B,Privada,Escola_58,EJA,Manhã,8,Outro,64
784,2025,Norte,TO,Sup_Norte_A,Privada,Escola_54,Ensino Médio,Tarde,8,Masculino,70
785,2024,Sul,PR,Sup_Sul_B,Pública,Escola_61,Ensino Médio,Noite,10,Feminino,35
786,2024,Centro-Oeste,MT,Sup_CO_B,Privada,Escola_52,EJA,Tarde,6,Masculino,55
787,2023,Sul,PR,Sup_Sul_B,Privada,Escola_47,Fundamental II,Manhã,14,Masculino,28
788,2025,Centro-Oeste,DF,Sup_CO_B,Privada,Escola_38,Fundamental I,Noite,15,Outro,24
789,2023,Norte,RO,Sup_Norte_B,Pública,Escola_35,Fundamental II,Tarde,10,Outro,81
790,2023,Sudeste,RJ,Sup_Sudeste_A,Privada,Escola_83,EJA,Tarde,13,Masculino,35
791,2023,Sul,RS,Sup_Sul_A,Privada,Escola_36,Ensino Médio,Tarde,9,Feminino,64
792,2023,Sul,SC,Sup_Sul_A,Privada,Escola_56,Ensino Médio,Tarde,9,Masculino,61
793,2023,Sudeste,RJ,Sup_Sudeste_D,Privada,Escola_63,Fundamental II,Manhã,13,Feminino,86
794,2025,Nordeste,AL,Sup_Nordeste_A,Pública,Escola_28,Fundamental I,Noite,6,Outro,20
795,2025,Sul,PR,Sup_Sul_B,Pública,Escola_45,Fundamental I,Noite,8,Feminino,79
796,2025,Centro-Oeste,DF,Sup_CO_B,Pública,Escola_63,Fundamental I,Manhã,6,Feminino,82
797,2025,Norte,AM,Sup_Norte_B,Pública,Escola_47,Fundamental I,Manhã,16,Masculino,45
798,2024,Sul,RS,Sup_Sul_A,Privada,Escola_64,Fundamental I,Tarde,12,Feminino,48
799,2023,Nordeste,SE,Sup_Nordeste_C,Privada,Escola_84,Fundamental II,Tarde,15,Feminino,34
800,2023,Sudeste,RJ,Sup_Sudeste_C,Pública,Escola_81,Ensino Médio,Tarde,17,Masculino,66
801,2023,Sul,RS,Sup_Sul_B,Privada,Escola_69,EJA,Manhã,10,Masculino,95
802,2023,Sul,PR,Sup_Sul_B,Privada,Escola_89,EJA,Noite,15,Outro,43
803,2025,Norte,AC,Sup_Norte_B,Pública,Escola_21,Ensino Médio,Noite,13,Feminino,86
804,2024,Norte,RR,Sup_Norte_A,Privada,Escola_20,Fundamental II,Manhã,6,Feminino,61
805,2025,Centro-Oeste,GO,Sup_CO_B,Privada,Escola_92,Fundamental II,Noite,11,Masculino,97
806,2025,Centro-Oeste,DF,Sup_CO_A,Privada,Escola_67,Fundamental I,Tarde,17,Masculino,41
807,2023,Sul,RS,Sup_Sul_A,Privada,Escola_80,EJA,Tarde,11,Feminino,31
808,2023,Centro-Oeste,MT,Sup_CO_B,Privada,Escola_42,Fundamental I,Tarde,12,Masculino,49
809,2024,Nordeste,AL,Sup_Nordeste_A,Privada,Escola_80,Fundamental I,Tarde,9,Feminino,40
810,2025,Nordeste,RN,Sup_Nordeste_B,Pública,Escola_22,Ensino Médio,Manhã,7,Feminino,91
811,2025,Norte,RO,Sup_Norte_B,Pública,Escola_99,Fundamental II,Manhã,9,Outro,94
812,2024,Norte,RO,Sup_Norte_B,Privada,Escola_84,Ensino Médio,Tarde,6,Masculino,87
813,2023,Sudeste,ES,Sup_Sudeste_D,Pública,Escola_31,Ensino Médio,Noite,10,Outro,81
814,2024,Nordeste,MA,Sup_Nordeste_C,Pública,Escola_35,EJA,Noite,8,Feminino,22
815,2023,Norte,AM,Sup_Norte_B,Pública,Escola_99,Ensino Médio,Manhã,9,Masculino,70
816,2023,Nordeste,RN,Sup_Nordeste_A,Pública,Escola_3,Fundamental I,Tarde,8,Outro,23
817,2025,Centro-Oeste,GO,Sup_CO_A,Privada,Escola_21,Fundamental II,Manhã,6,Outro,56
818,2023,Sul,PR,Sup_Sul_B,Privada,Escola_87,EJA,Noite,16,Masculino,34
819,2025,Nordeste,AL,Sup_Nordeste_A,Pública,Escola_39,Fundamental II,Noite,6,Outro,98
820,2024,Sul,SC,Sup_Sul_A,Pública,Escola_64,Ensino Médio,Tarde,14,Feminino,67
821,2023,Sul,RS,Sup_Sul_A,Pública,Escola_72,Fundamental I,Tarde,13,Masculino,20
822,2025,Centro-Oeste,DF,Sup_CO_A,Pública,Escola_18,Fundamental II,Manhã,12,Feminino,26
823,2023,Norte,AC,Sup_Norte_A,Privada,Escola_10,Fundamental II,Tarde,13,Masculino,36
824,2023,Norte,TO,Sup_Norte_B,Pública,Escola_50,Fundamental II,Tarde,14,Feminino,65
825,2024,Centro-Oeste,GO,Sup_CO_A,Pública,Escola_50,EJA,Tarde,9,Masculino,24
826,2025,Sudeste,RJ,Sup_Sudeste_C,Pública,Escola_17,EJA,Tarde,12,Feminino,63
827,2025,Sudeste,SP,Sup_Sudeste_B,Pública,Escola_22,EJA,Tarde,6,Feminino,47
828,2023,Centro-Oeste,DF,Sup_CO_A,Pública,Escola_96,Fundamental II,Tarde,7,Feminino,87
829,2024,Nordeste,PB,Sup_Nordeste_C,Pública,Escola_75,Ensino Médio,Noite,12,Outro,69
830,2023,Norte,AC,Sup_Norte_B,Pública,Escola_4,EJA,Manhã,12,Feminino,30
831,2023,Sudeste,ES,Sup_Sudeste_C,Pública,Escola_73,EJA,Noite,14,Outro,73
832,2023,Sul,PR,Sup_Sul_B,Pública,Escola_72,Ensino Médio,Manhã,15,Masculino,84
833,2025,Sul,SC,Sup_Sul_B,Privada,Escola_46,Fundamental I,Tarde,6,Masculino,84
834,2025,Sudeste,SP,Sup_Sudeste_A,Privada,Escola_26,Fundamental II,Noite,8,Outro,70
835,2023,Centro-Oeste,GO,Sup_CO_A,Privada,Escola_48,Fundamental II,Tarde,17,Feminino,99
836,2023,Sul,RS,Sup_Sul_A,Privada,Escola_73,EJA,Tarde,13,Feminino,73
837,2025,Sudeste,RJ,Sup_Sudeste_C,Privada,Escola_71,Fundamental I,Tarde,10,Outro,74
838,2023,Sul,SC,Sup_Sul_B,Privada,Escola_57,EJA,Noite,11,Outro,54
839,2023,Norte,RO,Sup_Norte_A,Privada,Escola_39,Ensino Médio,Noite,12,Outro,55
840,2025,Norte,RR,Sup_Norte_A,Pública,Escola_78,Ensino Médio,Tarde,9,Masculino,72
841,2023,Sudeste,RJ,Sup_Sudeste_C,Pública,Escola_1,EJA,Manhã,6,Masculino,62
842,2025,Sudeste,RJ,Sup_Sudeste_D,Privada,Escola_90,Fundamental II,Noite,12,Outro,59
843,2024,Sudeste,SP,Sup_Sudeste_A,Pública,Escola_97,Fundamental II,Tarde,12,Feminino,73
844,2024,Sul,SC,Sup_Sul_B,Privada,Escola_97,EJA,Manhã,7,Outro,21
845,2023,Sul,RS,Sup_Sul_B,Privada,Escola_91,Ensino Médio,Manhã,16,Outro,57
846,2025,Norte,RR,Sup_Norte_B,Privada,Escola_85,Fundamental II,Manhã,7,Feminino,45
847,2023,Norte,AM,Sup_Norte_B,Privada,Escola_42,Fundamental II,Tarde,7,Feminino,91
848,2024,Nordeste,AL,Sup_Nordeste_B,Privada,Escola_59,EJA,Noite,7,Feminino,77
849,2023,Sul,SC,Sup_Sul_A,Privada,Escola_97,Fundamental II,Tarde,12,Feminino,86
850,2024,Nordeste,SE,Sup_Nordeste_A,Pública,Escola_48,Fundamental II,Manhã,16,Feminino,63
851,2024,Sudeste,ES,Sup_Sudeste_C,Privada,Escola_35,Ensino Médio,Noite,10,Outro,98
852,2025,Centro-Oeste,MS,Sup_CO_A,Privada,Escola_78,Ensino Médio,Noite,16,Masculino,86
853,2023,Sul,PR,Sup_Sul_A,Privada,Escola_58,Fundamental I,Tarde,10,Feminino,23
854,2024,Norte,TO,Sup_Norte_B,Privada,Escola_97,Fundamental I,Tarde,13,Outro,69
855,2023,Centro-Oeste,MT,Sup_CO_B,Pública,Escola_16,EJA,Tarde,11,Feminino,85
856,2023,Centro-Oeste,MS,Sup_CO_A,Privada,Escola_19,EJA,Tarde,6,Masculino,27
857,2023,Nordeste,RN,Sup_Nordeste_B,Privada,Escola_42,Fundamental II,Tarde,9,Feminino,89
858,2025,Centro-Oeste,GO,Sup_CO_B,Pública,Escola_22,Fundamental II,Manhã,10,Feminino,72
859,2025,Norte,RO,Sup_Norte_B,Pública,Escola_17,EJA,Manhã,11,Outro,67
860,2024,Centro-Oeste,MT,Sup_CO_A,Pública,Escola_78,EJA,Manhã,9,Masculino,74
861,2025,Norte,AP,Sup_Norte_A,Pública,Escola_21,Ensino Médio,Tarde,10,Feminino,84
862,2025,Norte,RO,Sup_Norte_B,Privada,Escola_46,Fundamental I,Noite,11,Outro,95
863,2025,Norte,PA,Sup_Norte_A,Pública,Escola_96,Ensino Médio,Tarde,9,Outro,25
864,2023,Centro-Oeste,MS,Sup_CO_B,Pública,Escola_4,Fundamental II,Noite,17,Feminino,48
865,2024,Nordeste,PB,Sup_Nordeste_B,Pública,Escola_14,EJA,Tarde,7,Masculino,83
866,2025,Norte,PA,Sup_Norte_A,Privada,Escola_66,EJA,Noite,10,Masculino,44
867,2024,Norte,RO,Sup_Norte_A,Privada,Escola_18,Fundamental I,Manhã,17,Outro,75
868,2025,Norte,RO,Sup_Norte_B,Pública,Escola_56,Fundamental II,Manhã,10,Feminino,26
869,2023,Sul,RS,Sup_Sul_B,Pública,Escola_26,Ensino Médio,Manhã,13,Feminino,33
870,2025,Norte,AM,Sup_Norte_B,Pública,Escola_54,EJA,Manhã,12,Masculino,41
871,2025,Nordeste,CE,Sup_Nordeste_A,Privada,Escola_36,Fundamental I,Noite,15,Feminino,51
872,2024,Sul,RS,Sup_Sul_A,Privada,Escola_87,EJA,Noite,7,Feminino,76
873,2023,Sudeste,RJ,Sup_Sudeste_D,Pública,Escola_20,EJA,Noite,14,Outro,70
874,2023,Nordeste,BA,Sup_Nordeste_A,Pública,Escola_22,Ensino Médio,Noite,6,Outro,55
875,2025,Nordeste,RN,Sup_Nordeste_B,Pública,Escola_21,Fundamental II,Noite,9,Masculino,43
876,2025,Centro-Oeste,GO,Sup_CO_A,Pública,Escola_32,Fundamental I,Manhã,7,Feminino,35
877,2025,Sudeste,RJ,Sup_Sudeste_A,Pública,Escola_25,Fundamental II,Tarde,8,Masculino,62
878,2025,Norte,PA,Sup_Norte_B,Pública,Escola_87,Fundamental I,Tarde,6,Feminino,63
879,2024,Norte,RO,Sup_Norte_B,Privada,Escola_19,Fundamental II,Tarde,9,Masculino,83
880,2025,Centro-Oeste,GO,Sup_CO_A,Pública,Escola_81,Ensino Médio,Tarde,6,Feminino,72
881,2023,Norte,PA,Sup_Norte_B,Pública,Escola_1,EJA,Tarde,15,Masculino,43
882,2023,Nordeste,PE,Sup_Nordeste_C,Privada,Escola_26,Fundamental I,Noite,14,Masculino,79
883,2025,Norte,PA,Sup_Norte_A,Privada,Escola_69,Ensino Médio,Noite,17,Outro,58
884,2023,Sul,SC,Sup_Sul_A,Privada,Escola_41,Fundamental II,Tarde,16,Feminino,92
885,2024,Norte,PA,Sup_Norte_B,Privada,Escola_38,EJA,Tarde,7,Masculino,57
886,2025,Sul,RS,Sup_Sul_A,Pública,Escola_72,Ensino Médio,Noite,10,Masculino,25
887,2024,Nordeste,PE,Sup_Nordeste_A,Privada,Escola_17,EJA,Manhã,15,Masculino,94
888,2025,Norte,PA,Sup_Norte_B,Privada,Escola_71,EJA,Tarde,12,Feminino,61
889,2024,Nordeste,PI,Sup_Nordeste_C,Privada,Escola_14,Fundamental I,Manhã,8,Feminino,71
890,2023,Sudeste,ES,Sup_Sudeste_D,Pública,Escola_8,Ensino Médio,Noite,12,Masculino,21
891,2023,Nordeste,PI,Sup_Nordeste_A,Pública,Escola_84,Fundamental I,Noite,12,Outro,78
892,2025,Nordeste,PB,Sup_Nordeste_B,Pública,Escola_43,Fundamental I,Noite,15,Outro,94
893,2024,Sudeste,RJ,Sup_Sudeste_D,Privada,Escola_33,Fundamental II,Manhã,11,Feminino,85
894,2025,Sudeste,RJ,Sup_Sudeste_D,Pública,Escola_51,EJA,Manhã,7,Outro,32
895,2025,Sul,PR,Sup_Sul_A,Pública,Escola_58,Ensino Médio,Manhã,10,Masculino,25
896,2024,Sudeste,ES,Sup_Sudeste_D,Privada,Escola_82,Fundamental I,Manhã,15,Outro,56
897,2024,Centro-Oeste,GO,Sup_CO_B,Privada,Escola_20,EJA,Noite,8,Masculino,72
898,2024,Sul,SC,Sup_Sul_A,Pública,Escola_24,EJA,Manhã,13,Feminino,29
899,2023,Nordeste,PI,Sup_Nordeste_A,Privada,Escola_39,Fundamental I,Tarde,12,Feminino,66
900,2024,Nordeste,AL,Sup_Nordeste_C,Pública,Escola_5,Ensino Médio,Noite,10,Feminino,30
901,2023,Sudeste,RJ,Sup_Sudeste_D,Pública,Escola_91,Fundamental II,Manhã,11,Masculino,37
902,2024,Norte,TO,Sup_Norte_A,Privada,Escola_60,Fundamental I,Manhã,6,Feminino,66
903,2024,Sul,PR,Sup_Sul_A,Privada,Escola_94,Fundamental I,Manhã,17,Outro,28
904,2024,Sudeste,RJ,Sup_Sudeste_D,Pública,Escola_30,Fundamental II,Manhã,12,Feminino,43
905,2025,Sudeste,MG,Sup_Sudeste_A,Privada,Escola_51,EJA,Manhã,17,Outro,24
906,2023,Centro-Oeste,MT,Sup_CO_B,Privada,Escola_65,Ensino Médio,Noite,8,Outro,32
907,2025,Centro-Oeste,MS,Sup_CO_A,Pública,Escola_3,Fundamental II,Tarde,15,Masculino,72
908,2023,Centro-Oeste,MT,Sup_CO_A,Pública,Escola_14,Ensino Médio,Tarde,15,Masculino,63
909,2025,Nordeste,CE,Sup_Nordeste_A,Pública,Escola_62,Fundamental II,Noite,16,Feminino,87
910,2025,Sudeste,ES,Sup_Sudeste_D,Pública,Escola_24,Fundamental II,Tarde,12,Outro,23
911,2025,Sudeste,ES,Sup_Sudeste_C,Pública,Escola_98,EJA,Manhã,9,Outro,70
912,2024,Nordeste,PI,Sup_Nordeste_A,Privada,Escola_51,Fundamental II,Noite,15,Feminino,66
913,2023,Centro-Oeste,MT,Sup_CO_A,Privada,Escola_97,EJA,Tarde,6,Feminino,31
914,2024,Sul,PR,Sup_Sul_B,Pública,Escola_12,Fundamental II,Tarde,8,Masculino,39
915,2023,Sudeste,RJ,Sup_Sudeste_A,Privada,Escola_87,Ensino Médio,Manhã,7,Outro,27
916,2023,Nordeste,MA,Sup_Nordeste_A,Privada,Escola_18,Fundamental I,Noite,8,Feminino,22
917,2024,Norte,TO,Sup_Norte_A,Pública,Escola_21,EJA,Tarde,6,Feminino,71
918,2023,Nordeste,PE,Sup_Nordeste_B,Privada,Escola_29,EJA,Manhã,6,Feminino,24
919,2025,Sul,RS,Sup_Sul_A,Pública,Escola_89,Fundamental I,Tarde,17,Outro,79
920,2023,Norte,AP,Sup_Norte_A,Pública,Escola_89,EJA,Noite,7,Outro,36
921,2024,Norte,PA,Sup_Norte_A,Pública,Escola_11,Fundamental II,Tarde,13,Feminino,99
922,2025,Sul,PR,Sup_Sul_A,Pública,Escola_72,Fundamental II,Manhã,10,Outro,68
923,2025,Sul,PR,Sup_Sul_B,Pública,Escola_80,Ensino Médio,Manhã,8,Outro,86
924,2024,Centro-Oeste,MT,Sup_CO_B,Pública,Escola_44,Ensino Médio,Noite,12,Outro,58
925,2023,Centro-Oeste,DF,Sup_CO_A,Privada,Escola_5,EJA,Tarde,13,Masculino,95
926,2025,Norte,TO,Sup_Norte_A,Pública,Escola_3,Fundamental I,Tarde,9,Masculino,68
927,2023,Sul,SC,Sup_Sul_B,Pública,Escola_81,Fundamental I,Tarde,17,Feminino,60
928,2023,Norte,AC,Sup_Norte_B,Pública,Escola_70,EJA,Manhã,17,Outro,29
929,2025,Sudeste,SP,Sup_Sudeste_C,Privada,Escola_93,Fundamental II,Tarde,15,Feminino,76
930,2023,Sudeste,MG,Sup_Sudeste_D,Privada,Escola_16,Fundamental II,Manhã,10,Feminino,33
931,2023,Sul,PR,Sup_Sul_A,Privada,Escola_26,Ensino Médio,Tarde,6,Outro,25
932,2024,Sudeste,RJ,Sup_Sudeste_C,Pública,Escola_50,Fundamental II,Manhã,9,Outro,99
933,2024,Sudeste,RJ,Sup_Sudeste_A,Pública,Escola_4,Fundamental II,Noite,8,Masculino,22
934,2024,Sul,RS,Sup_Sul_A,Privada,Escola_79,Fundamental II,Tarde,11,Feminino,34
935,2025,Norte,PA,Sup_Norte_B,Privada,Escola_64,Fundamental II,Noite,8,Masculino,65
936,2024,Sudeste,SP,Sup_Sudeste_B,Privada,Escola_74,Ensino Médio,Tarde,8,Feminino,30
937,2025,Sul,SC,Sup_Sul_A,Privada,Escola_61,EJA,Noite,8,Masculino,43
938,2024,Sul,SC,Sup_Sul_A,Pública,Escola_54,Ensino Médio,Tarde,14,Outro,78
939,2023,Norte,RO,Sup_Norte_A,Pública,Escola_44,EJA,Manhã,11,Masculino,72
940,2024,Sul,PR,Sup_Sul_B,Privada,Escola_44,Fundamental I,Tarde,15,Outro,23
941,2024,Sul,SC,Sup_Sul_B,Privada,Escola_100,EJA,Noite,8,Outro,41
942,2024,Sul,SC,Sup_Sul_A,Pública,Escola_45,Ensino Médio,Manhã,15,Outro,61
943,2023,Norte,PA,Sup_Norte_B,Privada,Escola_33,EJA,Manhã,12,Masculino,91
944,2024,Norte,AC,Sup_Norte_B,Pública,Escola_65,Ensino Médio,Tarde,6,Outro,66
945,2023,Centro-Oeste,DF,Sup_CO_B,Pública,Escola_29,EJA,Noite,16,Feminino,30
946,2023,Sudeste,ES,Sup_Sudeste_D,Pública,Escola_92,EJA,Manhã,8,Outro,96
947,2024,Centro-Oeste,MT,Sup_CO_A,Pública,Escola_1,Ensino Médio,Tarde,12,Outro,40
948,2025,Nordeste,CE,Sup_Nordeste_C,Privada,Escola_7,Fundamental I,Manhã,10,Masculino,84
949,2025,Sul,SC,Sup_Sul_B,Privada,Escola_45,Fundamental I,Manhã,7,Outro,81
950,2024,Centro-Oeste,MT,Sup_CO_B,Pública,Escola_12,Fundamental I,Noite,13,Masculino,85
951,2025,Sudeste,MG,Sup_Sudeste_C,Privada,Escola_78,Fundamental I,Noite,9,Masculino,84
952,2025,Norte,TO,Sup_Norte_A,Privada,Escola_47,EJA,Manhã,11,Feminino,75
953,2024,Sudeste,RJ,Sup_Sudeste_A,Pública,Escola_29,Fundamental II,Manhã,17,Masculino,27
954,2024,Sul,SC,Sup_Sul_B,Pública,Escola_46,Fundamental I,Noite,8,Feminino,54
955,2023,Norte,PA,Sup_Norte_B,Privada,Escola_13,Fundamental I,Manhã,10,Outro,59
956,2025,Norte,PA,Sup_Norte_B,Pública,Escola_52,Fundamental II,Tarde,12,Masculino,73
957,2025,Sul,PR,Sup_Sul_A,Privada,Escola_12,Fundamental I,Noite,10,Feminino,61
958,2025,Sudeste,SP,Sup_Sudeste_A,Privada,Escola_97,Fundamental I,Manhã,15,Outro,86
959,2023,Norte,RR,Sup_Norte_B,Privada,Escola_65,EJA,Manhã,15,Feminino,61
960,2023,Sul,RS,Sup_Sul_A,Privada,Escola_75,Fundamental II,Tarde,13,Outro,92
961,2024,Sul,PR,Sup_Sul_B,Pública,Escola_75,EJA,Noite,7,Masculino,73
962,2023,Sudeste,MG,Sup_Sudeste_C,Privada,Escola_92,Ensino Médio,Tarde,16,Feminino,43
963,2024,Norte,RR,Sup_Norte_B,Pública,Escola_99,Ensino Médio,Tarde,13,Feminino,73
964,2025,Nordeste,BA,Sup_Nordeste_B,Pública,Escola_33,Fundamental I,Manhã,15,Outro,76
965,2023,Sul,SC,Sup_Sul_A,Pública,Escola_95,Fundamental II,Noite,7,Feminino,88
966,2024,Centro-Oeste,DF,Sup_CO_A,Pública,Escola_13,EJA,Noite,11,Masculino,26
967,2024,Sul,SC,Sup_Sul_B,Pública,Escola_92,Fundamental II,Manhã,12,Feminino,86
968,2025,Norte,PA,Sup_Norte_A,Privada,Escola_1,EJA,Manhã,16,Masculino,36
969,2024,Norte,TO,Sup_Norte_B,Pública,Escola_31,Fundamental I,Noite,8,Outro,33
970,2025,Centro-Oeste,GO,Sup_CO_B,Privada,Escola_69,Fundamental I,Noite,13,Feminino,54
971,2024,Norte,AC,Sup_Norte_A,Pública,Escola_15,EJA,Noite,10,Masculino,48
972,2023,Norte,AC,Sup_Norte_B,Privada,Escola_72,Fundamental I,Manhã,10,Outro,50
973,2024,Sudeste,SP,Sup_Sudeste_C,Privada,Escola_50,EJA,Manhã,12,Outro,54
974,2024,Nordeste,RN,Sup_Nordeste_B,Privada,Escola_64,EJA,Tarde,14,Outro,77
975,2025,Norte,PA,Sup_Norte_A,Pública,Escola_98,Ensino Médio,Noite,11,Feminino,66
976,2023,Nordeste,RN,Sup_Nordeste_A,Privada,Escola_6,EJA,Noite,16,Masculino,32
977,2025,Norte,AC,Sup_Norte_A,Privada,Escola_97,Ensino Médio,Tarde,16,Masculino,24
978,2025,Centro-Oeste,DF,Sup_CO_B,Pública,Escola_40,Ensino Médio,Tarde,17,Feminino,49
979,2024,Nordeste,BA,Sup_Nordeste_B,Pública,Escola_100,Ensino Médio,Tarde,12,Feminino,86
980,2025,Nordeste,RN,Sup_Nordeste_A,Pública,Escola_22,Fundamental II,Noite,13,Feminino,77
981,2025,Centro-Oeste,MT,Sup_CO_A,Privada,Escola_44,EJA,Tarde,15,Masculino,63
982,2024,Sul,RS,Sup_Sul_B,Pública,Escola_29,Fundamental I,Noite,10,Outro,29
983,2025,Sul,SC,Sup_Sul_B,Pública,Escola_68,Ensino Médio,Noite,11,Feminino,91
984,2023,Nordeste,BA,Sup_Nordeste_C,Pública,Escola_53,Ensino Médio,Manhã,15,Masculino,46
985,2025,Norte,RR,Sup_Norte_B,Pública,Escola_6,EJA,Tarde,12,Outro,64
986,2024,Nordeste,RN,Sup_Nordeste_B,Privada,Escola_48,Ensino Médio,Manhã,15,Feminino,78
987,2024,Sul,RS,Sup_Sul_B,Privada,Escola_77,Fundamental I,Noite,15,Masculino,52
988,2023,Nordeste,PB,Sup_Nordeste_A,Pública,Escola_9,EJA,Tarde,15,Feminino,98
989,2025,Centro-Oeste,GO,Sup_CO_A,Pública,Escola_57,EJA,Manhã,11,Outro,48
990,2025,Sudeste,RJ,Sup_Sudeste_C,Privada,Escola_64,EJA,Manhã,11,Feminino,36
991,2023,Sul,PR,Sup_Sul_A,Pública,Escola_55,EJA,Tarde,17,Feminino,86
992,2023,Sul,RS,Sup_Sul_A,Privada,Escola_9,Ensino Médio,Noite,7,Outro,68
993,2025,Sudeste,RJ,Sup_Sudeste_A,Privada,Escola_32,Fundamental I,Noite,12,Feminino,80
994,2024,Sudeste,ES,Sup_Sudeste_C,Pública,Escola_12,Fundamental I,Noite,6,Masculino,41
995,2024,Centro-Oeste,MT,Sup_CO_B,Pública,Escola_58,Fundamental II,Tarde,10,Masculino,38
996,2024,Sul,SC,Sup_Sul_B,Privada,Escola_21,Fundamental II,Tarde,9,Feminino,51
997,2024,Sudeste,SP,Sup_Sudeste_D,Privada,Escola_38,Ensino Médio,Tarde,16,Masculino,92
998,2025,Sul,SC,Sup_Sul_A,Privada,Escola_98,Fundamental II,Noite,14,Outro,97
999,2024,Centro-Oeste,GO,Sup_CO_A,Pública,Escola_53,Ensino Médio,Tarde,10,Feminino,96
1000,2023,Norte,AC,Sup_Norte_B,Privada,Escola_50,EJA,Tarde,11,Masculino,68
